OBJECTID_1,OBJECTID_2,OBJECTID,ID,PAYS,PROVINCE,SCE_GEO,Area,Nom,ZSCode,Modif_par,Modif_date,Shape_Leng,Fiabilite,Pcode_Mins,Population,Shape_Le_1,Shape_Area,coordx,coordy
1,1,1,129,RDC,Sankuru,OMS,3897.07005559,Wembo Nyama,CD8308ZS03,,,3.65505321727,,dw6cxRCsTBH,86933,3.65505321529,0.31579991622,"24° 40' 24,694"" E","4° 2' 45,362"" S"
2,2,2,120,RDC,Sankuru,OMS,3366.46406661,Kole,CD8306ZS02,,,3.36309428857,,aUOLee25Tko,90428,3.36309428872,0.27292233489,"22° 15' 47,153"" E","3° 40' 28,145"" S"
3,3,3,13,RDC,Sankuru,OMS,4894.30791901,Pania Mutombo,CD8302ZS03,,,5.16263476816,,yzgZ77cqLEc,75536,5.16263477854,0.39593226399,"23° 50' 9,766"" E","5° 13' 39,469"" S"
4,4,4,17,RDC,Sankuru,OMS,6624.57887391,Minga,CD8309ZS02,,,4.67179519087,,S6nnhxGaPR3,164596,4.6717951978,0.53620943241,"24° 7' 24,858"" E","4° 52' 18,191"" S"
5,5,5,84,RDC,Sankuru,OMS,3786.38316053,Lusambo,CD8302ZS01,,,3.59495914755,,x6qA2FLnw1e,93220,3.59495914995,0.30640899725,"23° 19' 20,006"" E","5° 1' 50,391"" S"
6,6,6,130,RDC,Sankuru,OMS,2746.47759182,Dikungu,CD8309ZS01,,,3.0521242403,,TJpOhLF2cXo,145449,3.05212424277,0.22248617846,"24° 14' 19,469"" E","4° 18' 38,812"" S"
7,7,7,124,RDC,Sankuru,OMS,5817.51316053,Vanga Kete,CD8303ZS03,,,3.71286337517,,UXxD0fWI2yS,127500,3.71286337346,0.47153587567,"23° 27' 12,267"" E","3° 50' 50,210"" S"
8,8,8,125,RDC,Sankuru,OMS,3283.02181558,Lodja,CD8303ZS01,,,3.9559306972,,fJD7wOwwi4M,189953,3.95593069972,0.26623350374,"23° 30' 56,944"" E","3° 25' 13,436"" S"
9,9,9,127,RDC,Sankuru,OMS,2353.99876031,Omendjadi,CD8303ZS02,,,2.47585703068,,Bf1FDCIjIoE,134386,2.47585702675,0.19096108498,"23° 23' 18,566"" E","3° 4' 31,805"" S"
10,10,10,128,RDC,Sankuru,OMS,14615.9152278,Djalo Djeka,CD8308ZS01,,,7.449330734,,lDx3qiOSC3F,82588,7.44933072489,1.18548810734,"24° 7' 10,067"" E","3° 12' 10,669"" S"
11,11,11,128,RDC,Sankuru,OMS,7425.06921377,Katako Kombe,CD8308ZS02,,,4.67487227899,,IPDJ2AFLJ1q,138538,4.67487227304,0.60234815047,"24° 44' 8,473"" E","3° 2' 2,083"" S"
12,12,13,0,RDC,Sankuru,OMS,13526.9799536,Bena Dibele,CD8306ZS01,,,7.01013895253,,Qx49Xk4whc5,88437,7.01013895724,1.09659950532,"22° 44' 57,951"" E","3° 41' 26,767"" S"
13,13,14,0,RDC,Lomami,Div_snis,1314.12364825,Kamiji,CD8105ZS01,,,1.95859898208,,rg471npPLBo,98868,1.95859898688,0.11352743712,"23° 13' 23,771"" E","6° 43' 3,863"" S"
14,14,15,0,RDC,Kasaï-Oriental,Div_snis,227.957708357,Tshitenge,CD8209ZS02,,,0.98908067901,,EpoRodQJ1La,242936,0.98908067521,0.01841191501,"23° 44' 18,238"" E","6° 8' 15,706"" S"
15,15,16,0,RDC,Kasaï-Oriental,Div_snis,452.160326583,Miabi,CD8205ZS02,,,1.08721403075,,vyzwR6KnN2M,153662,1.08721402951,0.03651859049,"23° 20' 14,066"" E","6° 9' 54,922"" S"
16,16,17,0,RDC,Lomami,Div_snis,896.186752263,Ngandajika,CD8106ZS03,,,1.34590999528,,TQFaajAiBvD,317135,1.34590999503,0.07229393967,"24° 2' 51,329"" E","6° 45' 38,931"" S"
17,17,18,0,RDC,Lomami,Div_snis,877.056102923,Mulumba,CD8106ZS02,,,1.48758722995,,Ca5EitY4zzl,292626,1.48758722396,0.07077439605,"23° 51' 57,920"" E","6° 35' 56,052"" S"
18,18,19,0,RDC,Kasaï-Oriental,Div_snis,573.80575349,Tshilenge,CD8202ZS02,,,1.04381178204,,sxo8WzGfbXk,312177,1.04381178299,0.04633111148,"23° 42' 22,629"" E","6° 18' 3,963"" S"
19,19,20,0,RDC,Kasaï-Oriental,Div_snis,1256.74265547,Cilundu,CD8205ZS01,,,2.24834614262,,GZJ4wCF5dr8,191598,2.24834614437,0.10133541961,"23° 17' 37,317"" E","6° 23' 19,146"" S"
20,20,21,0,RDC,Lomami,Div_snis,7633.42502372,Lubao,CD8108ZS02,,,5.99194056261,,hhPQBTvWnWR,210304,5.99194056383,0.6172180446,"25° 52' 42,309"" E","5° 31' 7,846"" S"
21,21,22,0,RDC,Lomami,Div_snis,4132.88607655,Kalonda Est,CD8102ZS02,,,3.11954707776,,HDHPGpYow9n,230909,3.11954708402,0.33362048593,"25° 5' 46,988"" E","6° 25' 31,428"" S"
22,22,23,0,RDC,Lomami,Div_snis,5756.44965245,Kabinda,CD8102ZS01,,,4.11082439764,,S7r6j8vvjBa,280250,4.11082440237,0.44614494753,"24° 26' 26,600"" E","6° 15' 5,895"" S"
23,23,24,0,RDC,Lomami,Div_snis,5497.1554765,Ludimbi Lukula,CD8102ZS03,,,3.75918392482,,v92Jk9YbTsC,155414,3.75918392084,0.4443438292,"24° 29' 36,536"" E","5° 42' 45,810"" S"
24,24,25,0,RDC,Lomami,Div_snis,3942.97338015,Kalambayi Kabanga,CD8106ZS01,,,3.73845297975,,hyVNQXTLM57,159486,3.73845297853,0.31808487104,"24° 24' 34,557"" E","6° 44' 30,516"" S"
25,25,26,0,RDC,Lomami,Div_snis,65.2875202521,Makota,CD8103ZS01,,,0.3407830176,,x0EmG1LRyjy,239015,0.34078301912,0.00526371929,"23° 25' 1,539"" E","7° 1' 15,137"" S"
26,26,27,0,RDC,Lomami,Div_snis,381.955136624,Mwene Ditu,CD8103ZS02,,,0.99133031804,,yft32K4WOYZ,430700,0.99133031764,0.03080060066,"23° 24' 48,591"" E","6° 55' 51,180"" S"
27,27,28,0,RDC,Lomami,Div_snis,725.863065598,Wikong,CD8104ZS04,,,1.23029084236,,gMiVopcM4An,120879,1.23029084245,0.05840826624,"23° 18' 47,629"" E","7° 51' 34,006"" S"
28,28,29,0,RDC,Lomami,Div_snis,3253.20547415,Luputa,CD8104ZS03,,,3.47983889539,,gYjfhzYH5ra,295107,3.47983889737,0.26217918895,"23° 47' 5,937"" E","7° 29' 42,092"" S"
29,29,30,0,RDC,Lomami,Div_snis,2453.69690014,Kanda Kanda,CD8104ZS02,,,2.94378249866,,LREYTGTn3sk,237492,2.94378249489,0.19615995214,"23° 45' 6,337"" E","6° 55' 9,852"" S"
30,30,31,0,RDC,Kasaï-Oriental,Div_snis,29.7733246205,Bonzola,CD8201ZS02,,,0.30335194113,,ZxyZ7L3ynso,211862,0.30335194124,0.00240470461,"23° 36' 43,818"" E","6° 9' 1,175"" S"
31,31,32,0,RDC,Kasaï-Oriental,Div_snis,4.7327720632,Dibindi,CD8201ZS03,,,0.09285524689,,Z5I1TvCKVcG,279888,0.09285524588,0.00038226712,"23° 37' 9,200"" E","6° 7' 47,301"" S"
32,32,33,0,RDC,Kasaï-Oriental,Div_snis,4.4241112598,Kansele,CD8201ZS05,,,0.09054643114,,HN9etyIXrEE,267447,0.09054643033,0.00035734584,"23° 36' 33,401"" E","6° 6' 57,748"" S"
33,33,34,0,RDC,Kasaï-Oriental,Div_snis,9.54351414753,Muya,CD8201ZS09,,,0.13558561585,,HllryitwQ4u,366827,0.13558561758,0.00077087468,"23° 37' 58,850"" E","6° 6' 1,534"" S"
34,34,35,0,RDC,Kasaï-Oriental,Div_snis,9.18320818437,Diulu,CD8201ZS04,,,0.12165816434,,f1b3q0aLFzW,391935,0.12165816423,0.00074177011,"23° 35' 52,914"" E","6° 6' 4,626"" S"
35,35,36,0,RDC,Kasaï-Oriental,Div_snis,16.5015918846,Bipemba,CD8201ZS01,,,0.16880891109,,xx5xiY5vVBa,377834,0.16880891439,0.00133293608,"23° 34' 24,494"" E","6° 5' 26,311"" S"
36,36,37,0,RDC,Kasaï-Oriental,Div_snis,20.0627064685,Mpokolo,CD8201ZS08,,,0.16291755964,,v4bwDhzBFks,321312,0.16291755971,0.00162060932,"23° 32' 36,515"" E","6° 5' 2,839"" S"
37,37,38,0,RDC,Kasaï-Oriental,Div_snis,28.0457450973,Nzaba,CD8201ZS10,,,0.19537070081,,amSVlGShY91,311526,0.19537070136,0.00226523026,"23° 33' 1,261"" E","6° 8' 12,818"" S"
38,38,39,0,RDC,Kasaï-Oriental,Div_snis,2202.51431599,Kabeya Kamuanga,CD8207ZS01,,,2.78987955355,,k7iudxSjdn7,190050,2.78987955532,0.17770692279,"23° 10' 3,803"" E","5° 57' 46,899"" S"
39,39,40,0,RDC,Kasaï-Oriental,Div_snis,1503.6838228,Mukumbi,CD8208ZS01,,,1.8353183471,,L4fvzJb0ijt,124662,1.83531834217,0.12151072076,"23° 35' 22,421"" E","5° 52' 21,518"" S"
40,40,41,0,RDC,Kasaï-Oriental,Div_snis,19.3514099095,Lukelenge,CD8201ZS07,,,0.24264146827,,ucEXrvC3lau,287611,0.24264146825,0.00156305297,"23° 39' 4,865"" E","6° 7' 4,769"" S"
41,41,42,0,RDC,Kasaï-Oriental,Div_snis,681.843207933,Tshishimbi,CD8208ZS02,,,1.3584512564,,PuF5BL8Npna,201193,1.35845125519,0.05506610715,"23° 29' 7,137"" E","6° 11' 27,680"" S"
42,42,43,0,RDC,Kasaï-Oriental,Div_snis,4.37144277805,Lubilanji,CD8201ZS06,,,0.11901270958,,FvSLntNvpao,275215,0.11901270851,0.0003530775,"23° 36' 37,716"" E","6° 8' 13,809"" S"
43,43,44,0,RDC,Lomami,Div_snis,8061.41414049,Kamana,CD8108ZS01,,,4.28126618682,,KxcxIF0z6y3,193055,4.28126619076,0.65149206034,"25° 23' 51,631"" E","5° 49' 8,880"" S"
44,44,45,0,RDC,Kasaï-Oriental,Div_snis,1320.52999837,Kasansa,CD8202ZS01,,,1.77768946883,,w9GBwODOJNY,217132,1.77768946505,0.10827911672,"23° 36' 57,138"" E","6° 33' 41,447"" S"
45,45,46,0,RDC,Kasaï-Oriental,Div_snis,1709.71786928,Bibanga,CD8209ZS01,,,2.91729252849,,pzMw9DUQ6An,157645,2.91729253506,0.15680321288,"23° 54' 39,364"" E","6° 5' 24,252"" S"
46,46,47,0,RDC,Lomami,Div_snis,4143.79770836,Kalenda,CD8104ZS01,,,3.76486415707,,vnt8fprZWxI,202304,3.76486415341,0.33377457674,"23° 26' 51,568"" E","7° 26' 5,923"" S"
47,47,48,0,RDC,Lomami,Div_snis,5793.50741112,Tshofa,CD8108ZS03,,,3.40349360429,,JMyFFcdmIMU,137009,3.40349360546,0.46867469726,"24° 59' 36,554"" E","5° 14' 23,161"" S"
48,48,49,0,RDC,Mongala,OMS,5740.62826515,Pimu,CD4405ZS04,,,4.04390508093,,YrNj0gTvp4l,245737,4.04390508009,0.46613556598,"21° 8' 21,087"" E","1° 49' 1,774"" N"
49,49,53,63,RDC,Kasaï,OMS,1926.75993818,Nyanga,CD9202ZS07,,,2.62484021971,Moyen,ilgYm3DfbGP,125851,2.62484022336,0.19528272733,"20° 22' 57,228"" E","6° 2' 36,403"" S"
50,50,54,76,RDC,Kasaï,Div_snis,59.5341347236,Kalonda Ouest,CD9202ZS01,,,2.15369722672,Moyen,jCOBMIbRlMV,414522,2.15369722569,0.24651084234,"20° 50' 41,736"" E","6° 6' 11,174"" S"
51,51,55,93,RDC,Kasaï,OMS,4972.80100516,Kamonia,CD9202ZS02,,,2.89756908342,Moyen,BTGp4czwZRN,327156,2.89756908483,0.38710304093,"20° 53' 57,022"" E","6° 59' 19,636"" S"
52,52,56,93,RDC,Kasaï,OMS,2634.39365368,Mutena,CD9202ZS06,,,2.53414539482,,g0UqlSRyINa,232408,2.53414539689,0.21239338134,"21° 23' 2,872"" E","7° 1' 16,420"" S"
53,53,57,79,RDC,Kasaï,OMS,3601.93357244,Banga Lubaka,CD9205ZS01,,,2.43178793853,Moyen,bNFyJIkjMdY,158486,2.43178793084,0.27781888673,"20° 31' 44,104"" E","5° 37' 18,400"" S"
54,54,58,79,RDC,Kasaï,OMS,7748.30707383,Kamwesha,CD9202ZS03,,,3.20463330979,Moyen,j6OryFADgoN,385158,3.20463330884,0.3782126238,"21° 19' 1,248"" E","6° 25' 27,281"" S"
55,55,59,83,RDC,Kasaï,OMS,3894.24007002,Mweka,CD9207ZS04,,,2.86949552874,Moyen,dw1XnGf2aaU,205308,2.86949553337,0.26351219452,"21° 36' 20,626"" E","5° 0' 23,344"" S"
56,56,60,0,RDC,Tanganyika,OMS,13372.9970295,Moba,CD7404ZS02,,,5.63032923209,,adxBRCwSlWc,320963,5.63032922976,1.56622663757,"29° 59' 17,679"" E","7° 36' 13,257"" S"
57,57,61,0,RDC,Sud-Ubangi,OMS,3872.60294517,Bogosenubia,CD4202ZS01,,,3.23106632786,,k31uAjnzhTj,143364,3.23106632752,0.31388137884,"19° 43' 38,614"" E","3° 47' 29,508"" N"
58,58,62,0,RDC,Kongo-Central,OMS,1234.20980444,Moanda,CD2003ZS03,,,2.07001739364,,Zbg4fiy6f3t,142261,2.07001739007,0.09973882697,"12° 29' 50,542"" E","5° 51' 3,304"" S"
59,59,63,0,RDC,Kongo-Central,OMS,149.981526486,Kitona,CD2003ZS02,,,0.53266895072,,ADqfcJ05GHD,98593,0.53266894884,0.01211813446,"12° 26' 34,262"" E","5° 58' 8,610"" S"
60,60,64,0,RDC,Kongo-Central,OMS,140.49396405,Boma,CD2002ZS01,,,0.4617939775,,djWn21U4AVy,161290,0.46179397889,0.01135437485,"13° 3' 12,560"" E","5° 48' 48,264"" S"
61,61,65,0,RDC,Kongo-Central,OMS,2621.51638146,Boma Bungu,CD2003ZS01,,,3.07774551907,,vquecO03tD0,81135,3.07774551515,0.21189154561,"12° 58' 29,081"" E","5° 44' 27,070"" S"
62,62,66,0,RDC,Kongo-Central,OMS,1792.06728067,Seke-Banza,CD2009ZS02,,,2.47099152656,,fWrUdkX9JEv,149451,2.47099152816,0.14497721669,"13° 17' 8,644"" E","5° 13' 0,046"" S"
63,63,67,0,RDC,Kongo-Central,OMS,1824.64320932,Inga,CD2009ZS01,,,2.31558440878,,DD5m0lzETfF,82083,2.31558440945,0.1475548822,"13° 28' 37,071"" E","5° 27' 14,235"" S"
64,64,68,0,RDC,Kongo-Central,OMS,2256.55016711,Lukula,CD2005ZS02,,,2.75624543269,,KlQNBFiC8Cf,203230,2.75624543476,0.18247636431,"12° 49' 44,865"" E","5° 28' 35,471"" S"
65,65,69,0,RDC,Kongo-Central,OMS,412.19732389,Tshela,CD2007ZS04,,,0.98155105802,,hniXpSX7Zrq,90394,0.98155105976,0.03336638099,"12° 53' 28,140"" E","4° 50' 15,672"" S"
66,66,70,0,RDC,Kongo-Central,OMS,880.085489232,Vaku,CD2007ZS05,,,1.55589325986,,ZRDAZVZ4HMV,75707,1.55589325786,0.07120994152,"13° 0' 40,364"" E","5° 7' 6,782"" S"
67,67,71,0,RDC,Kongo-Central,OMS,323.697335237,Kizu,CD2007ZS02,,,0.77352986884,,TQ5nmMVD9uY,65685,0.77352986772,0.02619850171,"12° 57' 38,689"" E","4° 56' 21,215"" S"
68,68,72,0,RDC,Kongo-Central,OMS,2198.96114715,Kibunzi,CD2010ZS01,,,2.14612771462,,zuuFyMjjK7i,68396,2.14612771385,0.17794151291,"13° 40' 17,662"" E","5° 3' 10,795"" S"
69,69,73,0,RDC,Kongo-Central,OMS,2769.06997548,Luozi,CD2010ZS02,,,2.51537823641,,DaXi5vRLqh3,90112,2.51537823514,0.22416238277,"13° 56' 4,061"" E","4° 47' 47,390"" S"
70,70,74,0,RDC,Kongo-Central,OMS,1491.67848326,Kimpangu,CD2013ZS03,,,2.62370257669,,bBTWb8cD9Z3,129863,2.6237025781,0.12056798881,"14° 55' 12,170"" E","5° 44' 48,937"" S"
71,71,75,0,RDC,Kongo-Central,OMS,2877.19475618,Ngidinga,CD2017ZS02,,,2.83035017217,,fuiphWnOGii,124927,2.83035016538,0.23258063109,"15° 30' 19,026"" E","5° 41' 4,635"" S"
72,72,76,0,RDC,Kongo-Central,OMS,1998.19902902,Boko-Kivulu,CD2013ZS01,,,2.35414298599,,VGFWIr5Rx1D,153725,2.35414298096,0.16161663511,"15° 0' 59,495"" E","5° 21' 24,975"" S"
73,73,77,0,RDC,Kongo-Central,OMS,427.15178299,Mbanza-Ngungu,CD2013ZS05,,,0.92200506756,,PDfWsEoWLcy,112635,0.92200506952,0.03455818955,"14° 48' 31,629"" E","5° 11' 11,832"" S"
74,74,78,0,RDC,Kongo-Central,OMS,2090.66421707,Kwilu-Ngongo,CD2013ZS04,,,2.62091032451,,DZV9ipxIsg1,156753,2.62091032543,0.16906024286,"14° 38' 33,334"" E","5° 28' 49,422"" S"
75,75,79,0,RDC,Kongo-Central,OMS,1729.28793788,Kisantu,CD2017ZS01,,,2.24317481652,,pZobW0wXW6e,183484,2.24317481248,0.13991982339,"15° 16' 56,347"" E","5° 7' 33,150"" S"
76,76,80,82,RDC,Kasaï,OMS,11693.5195167,Mikope,CD9205ZS03,,,5.26440368722,Moyen,vy2yqOs0J70,189546,5.2644036837,0.93654691102,"20° 32' 55,811"" E","4° 54' 45,223"" S"
77,77,81,0,RDC,Maï-Ndombe,OMS,15742.1048384,Oshwe,CD3304ZS03,,,4.92548794873,Tres haut,ZOLJkw5FviP,146794,4.92548795073,1.27621642645,"20° 2' 40,557"" E","3° 40' 32,393"" S"
78,78,82,0,RDC,Maï-Ndombe,OMS,6493.49896084,Bosobe,CD3304ZS01,,,3.73586005888,Tres haut,DlpIIdkVKyg,126881,3.73586005938,0.52666299586,"19° 11' 32,398"" E","3° 15' 50,510"" S"
79,79,83,0,RDC,Maï-Ndombe,OMS,9484.81747854,Bokoro,CD3306ZS01,,,4.18693695288,Tres haut,GcP2B8nmUVo,218247,4.18693695181,0.76943641867,"18° 37' 15,820"" E","3° 3' 7,886"" S"
80,80,84,0,RDC,Kwilu,OMS,3336.58784657,Masi-Manimba,CD3212ZS01,,,2.62687491336,Tres haut,VYlgP4yyY7F,163071,2.62687491087,0.27001914828,"17° 49' 16,046"" E","5° 0' 19,365"" S"
81,81,85,0,RDC,Kwilu,OMS,2830.43952682,Yasa-Bonga,CD3212ZS04,,,2.46295490841,Tres haut,NxFuYzZy7Bn,209178,2.4629549062,0.22922833217,"17° 54' 32,650"" E","4° 29' 59,717"" S"
82,82,86,0,RDC,Kwilu,OMS,6069.53164033,Idiofa,CD3206ZS01,,,3.8842220918,Tres haut,riGgtQ9beB5,274518,3.88422208796,0.49116731136,"19° 27' 14,774"" E","5° 1' 34,419"" S"
83,83,87,0,RDC,Kwilu,OMS,2786.8386449,Ipamu,CD3206ZS02,,,2.48570525183,Tres haut,jSLnBqCXCzW,191921,2.48570525435,0.22575570179,"19° 42' 34,369"" E","4° 18' 29,786"" S"
84,84,88,0,RDC,Kwilu,OMS,5038.66427967,Koshibanda,CD3206ZS04,,,4.04056809189,Tres haut,O3KmMLK10ru,178876,4.04056809415,0.40773798013,"19° 53' 27,296"" E","5° 1' 58,274"" S"
85,85,89,0,RDC,Kwilu,OMS,2656.04565567,Kingandu,CD3210ZS02,,,2.91101391727,Tres haut,QVjGTE0nOen,102107,2.91101391499,0.21471637559,"18° 38' 1,555"" E","5° 38' 59,004"" S"
86,86,90,0,RDC,Kwilu,OMS,2979.82871103,Bulungu,CD3204ZS01,,,3.26142614933,Tres haut,e6Wpbl5nqcD,266703,3.26142615175,0.24130216936,"18° 51' 34,612"" E","4° 34' 23,294"" S"
87,87,91,0,RDC,Kwilu,OMS,8392.20060268,Bagata,CD3202ZS01,,,4.42989036704,Tres haut,k06WV7FTN9D,165990,4.42989036528,0.68031505663,"17° 50' 52,869"" E","3° 44' 15,399"" S"
88,88,92,0,RDC,Kwilu,OMS,363.247821196,Bandundu,CD3201ZS01,,,0.80652892555,Tres haut,KJPFKwgcqyd,185722,0.80652892544,0.02946048332,"17° 26' 42,692"" E","3° 18' 58,809"" S"
89,89,93,0,RDC,Kwango,OMS,6804.99716404,Kajiji,CD3105ZS02,,,5.41717552453,Tres haut,LhkH0lpHnU0,148107,5.41717552588,0.54798665331,"18° 30' 35,830"" E","7° 32' 31,181"" S"
90,90,94,0,RDC,Kwilu,OMS,95.4744335043,Kikwit-Nord,CD3203ZS01,,,0.44148312371,Tres haut,GaaOhIJU3Bx,209496,0.4414831239,0.00772622362,"18° 49' 26,866"" E","5° 1' 16,938"" S"
91,91,95,0,RDC,Kwilu,OMS,3627.74467455,Lusanga,CD3204ZS03,,,3.46426992903,Tres haut,WziDY5wD1fX,228827,3.46426993139,0.29357381488,"18° 54' 37,367"" E","5° 1' 10,454"" S"
92,92,96,0,RDC,Kwango,OMS,6942.15155367,Feshi,CD3103ZS01,,,4.0399006861,Tres haut,vyNZCFIed9O,143791,4.03990068608,0.56048749343,"18° 22' 59,036"" E","6° 20' 15,337"" S"
93,93,97,0,RDC,Kwango,OMS,5684.27591293,Wamba Lwadi,CD3106ZS05,,,4.25989011874,Tres haut,xUfv1fcnAmb,110006,4.25989012269,0.45880482313,"17° 19' 27,461"" E","6° 28' 35,084"" S"
94,94,98,0,RDC,Kwango,OMS,9255.58590172,Panzi,CD3106ZS03,,,5.35623092572,Tres haut,Kl436vOuc9s,168814,5.35623093296,0.74595703585,"18° 3' 52,509"" E","7° 10' 28,822"" S"
95,95,99,0,RDC,Kwango,OMS,3716.37407269,Tembo,CD3106ZS04,,,2.64405893643,Tres haut,dazaa6QjHa1,122426,2.64405893908,0.29909497388,"17° 41' 35,231"" E","7° 47' 35,061"" S"
96,96,100,0,RDC,Kwilu,OMS,6643.33897235,Moanza,CD3212ZS02,,,5.28555407816,Tres haut,N1K2MB4mUJ8,188416,5.28555407542,0.53721355395,"18° 2' 12,018"" E","5° 28' 29,366"" S"
97,97,101,0,RDC,Kwango,OMS,4205.278391,Kimbau,CD3102ZS03,,,3.30966733435,Tres haut,lJaJ763sqNI,174485,3.30966733463,0.34004143853,"17° 15' 8,016"" E","5° 30' 22,540"" S"
98,98,102,0,RDC,Kwango,OMS,5102.74668526,Kenge,CD3102ZS02,,,3.62523339368,Tres haut,Qx104OFTrS6,274731,3.62523339118,0.41311910627,"17° 21' 28,875"" E","4° 43' 31,448"" S"
99,99,103,0,RDC,Kwango,OMS,9354.38104891,Boko,CD3102ZS01,,,5.68277528204,Tres haut,tUhIQ4MVPVI,202820,5.68277527925,0.75704883686,"16° 44' 3,952"" E","4° 58' 8,416"" S"
100,100,109,0,RDC,Bas-Uele,OMS,4160.99718804,Viadana,CD5208ZS02,,,4.1465950218,,joxrJQ6anPt,104804,4.14659501402,0.33746246714,"27° 20' 45,227"" E","3° 13' 51,483"" N"
101,101,110,0,RDC,Bas-Uele,OMS,17823.5358804,Poko,CD5208ZS01,,,8.23560740017,,iqV2dwy0B1b,120744,8.23560739544,1.44597384241,"26° 42' 1,381"" E","2° 58' 0,980"" N"
102,102,111,0,RDC,Tshopo,OMS,11606.8504362,Basali,CD5109ZS01,,,5.00369992457,,yS5rrhCjubi,84235,5.00369992351,0.94248624424,"24° 24' 31,904"" E","1° 45' 13,061"" N"
103,103,112,0,RDC,Tshopo,OMS,1624.82191028,Basoko,CD5109ZS02,,,2.34119977564,,SxrrguFFktT,155534,2.34119977454,0.13197121375,"23° 44' 49,992"" E","1° 13' 22,891"" N"
104,104,113,0,RDC,Tshopo,OMS,6465.19052547,Bengamisa,CD5110ZS02,,,3.69551526188,,dxiEfVDsieA,114898,3.69551526126,0.52513266594,"25° 2' 26,346"" E","1° 7' 24,860"" N"
105,105,114,0,RDC,Tshopo,OMS,3603.81519106,Yakusu,CD5105ZS04,,,3.43088009846,,IQjyCunMvUt,155555,3.43088010213,0.29275496042,"24° 38' 23,614"" E","0° 40' 33,868"" N"
106,106,115,0,RDC,Tshopo,OMS,3256.65943832,Yahisuli,CD5105ZS03,,,2.85141723109,,HHv5opVWeoY,83519,2.8514172326,0.26457298005,"23° 55' 32,422"" E","0° 0' 26,878"" S"
107,107,116,0,RDC,Tshopo,OMS,4759.66068203,Yabaondo,CD5105ZS02,,,3.34727887827,,D4KWg03yZrX,163590,3.34727887712,0.3866524702,"23° 58' 32,217"" E","0° 37' 28,073"" N"
108,108,117,0,RDC,Tshopo,OMS,2148.74176438,Isangi,CD5105ZS01,,,1.92884497543,,dtBcztLoZpn,155860,1.92884497521,0.1745438679,"24° 23' 58,651"" E","0° 53' 41,057"" N"
109,109,118,0,RDC,Tshopo,OMS,17165.2367651,Yaleko,CD5103ZS02,,,7.27617876824,,S8Vd8dUvIqT,137363,7.27617877263,0.70005321322,"24° 38' 7,328"" E","0° 9' 22,293"" S"
110,110,119,0,RDC,Tshopo,OMS,17187.1307188,Banalia,CD5110ZS01,,,7.45761843151,,WxBLTUjeyfB,139550,7.4576184301,1.39383771452,"25° 36' 56,018"" E","1° 45' 25,517"" N"
111,111,120,0,RDC,Tshopo,OMS,8944.87729332,Bafwasende,CD5111ZS02,,,9.15106587265,,pLBZiohnxFC,78961,9.15106587433,1.39607539134,"26° 41' 26,610"" E","0° 59' 19,115"" N"
112,112,121,0,RDC,Tshopo,OMS,10886.5241445,Bafwagbogbo,CD5111ZS01,,,5.88974162204,,jaNYqjAceGA,68898,5.88974162635,0.72638750098,"26° 43' 52,542"" E","1° 37' 44,109"" N"
113,113,122,0,RDC,Bas-Uele,OMS,6697.69319174,Buta,CD5202ZS01,,,6.6594984076,,pggZxV6O3iF,185364,6.65949840794,0.88340150328,"24° 58' 47,039"" E","2° 43' 40,101"" N"
114,114,123,0,RDC,Bas-Uele,OMS,9915.85957423,Titule,CD5202ZS02,,,5.04504500561,,EgtXyZdGsLP,77453,5.04504500263,0.54338200789,"25° 29' 4,928"" E","2° 57' 50,331"" N"
115,115,124,0,RDC,Bas-Uele,OMS,2153.76485631,Ganga,CD5209ZS01,,,6.70880238822,,QU7amTjhWlQ,125119,6.70880238399,0.80436704636,"25° 58' 22,274"" E","3° 5' 34,780"" N"
116,116,125,0,RDC,Kwilu,OMS,2951.34250201,Vanga,CD3204ZS05,,,2.17397139126,Tres haut,fXTBfVcge4w,280911,2.17397139225,0.17443493374,"18° 19' 7,205"" E","4° 27' 53,022"" S"
117,117,126,0,RDC,Kwilu,OMS,2689.90452098,Djuma,CD3204ZS02,,,2.65304435143,Tres haut,IgSLfQbGSnF,206694,2.65304435089,0.23909835144,"18° 36' 57,534"" E","4° 15' 29,091"" S"
118,118,127,0,RDC,Kwilu,OMS,2645.9773491,Sia,CD3202ZS03,,,2.23301001092,Tres haut,poOqTlUDT0A,110616,2.23301001143,0.21803983004,"18° 32' 33,303"" E","3° 48' 42,774"" S"
119,119,128,0,RDC,Kwilu,OMS,2639.2801186,Mungindu,CD3206ZS06,,,2.55770545858,Tres haut,CyHuq664hCU,119247,2.55770545934,0.21395400594,"19° 4' 28,850"" E","5° 30' 28,171"" S"
120,120,129,0,RDC,Kwilu,OMS,1681.91082228,Kimputu,CD3206ZS03,,,2.53636339853,Tres haut,GaFyM05saxx,190591,2.53636339456,0.21380026362,"19° 20' 30,653"" E","4° 19' 0,518"" S"
121,121,130,0,RDC,Kwilu,OMS,1467.80596795,Mosango,CD3212ZS03,,,1.88172287426,Tres haut,JRaVxSGfJ9Z,117896,1.88172287384,0.136137611,"18° 11' 29,339"" E","4° 52' 47,674"" S"
122,122,131,0,RDC,Kwilu,OMS,64.733549157,Pay Kongila,CD3204ZS04,,,1.76271756967,Tres haut,smw3DtURc1n,150900,1.76271757325,0.11878255355,"18° 29' 56,568"" E","5° 1' 4,048"" S"
123,123,132,0,RDC,Kongo-Central,OMS,46.7867851359,Matadi,CD2001ZS01,,,0.39253991703,,pFhuqRaXTSO,163021,0.39253991775,0.00523130083,"13° 28' 8,891"" E","5° 50' 45,309"" S"
124,124,133,0,RDC,Kongo-Central,Div_snis,9.06414307041,Nzanza,CD2001ZS02,,,0.28674137407,,JBCsFIBR2IO,144567,0.28674137515,0.00378111596,"13° 24' 31,577"" E","5° 49' 45,802"" S"
125,125,134,0,RDC,Kinshasa,OMS,338.911854511,Ndjili,CD1000ZS30,,,0.12719741991,,rK2ODHilbAP,350441,0.12719742071,0.00073417353,"15° 22' 24,913"" E","4° 24' 22,686"" S"
126,126,135,0,RDC,Kinshasa,Div_snis,90.3399416256,Mont Ngafula I,CD1000ZS28,,,0.94369565091,,ubl3NORPhsC,268552,0.94369565243,0.03255557758,"15° 17' 54,449"" E","4° 32' 13,155"" S"
127,127,136,0,RDC,Kinshasa,Div_snis,146.043493178,Biyela,CD1000ZS05,,,0.3915849209,,QzpHCAKe31e,244913,0.39158491853,0.00724360469,"15° 24' 8,616"" E","4° 29' 22,940"" S"
128,128,137,0,RDC,Kinshasa,OMS,13.8221518623,Kikimi,CD1000ZS11,,,0.56890636716,,wTaqhPcijDM,279722,0.5689063596,0.01199637732,"15° 28' 27,909"" E","4° 31' 21,398"" S"
129,129,138,0,RDC,Kinshasa,OMS,4.73164341977,Lemba,CD1000ZS19,,,0.18805587672,,tCLXgZBBLQ0,350421,0.18805587701,0.00111956656,"15° 19' 14,701"" E","4° 24' 8,612"" S"
130,130,139,0,RDC,Kinshasa,OMS,15.6225733948,Matete,CD1000ZS27,,,0.09227201968,,UrJlHRGZGGJ,313812,0.09227202056,0.00038326035,"15° 21' 1,591"" E","4° 23' 22,251"" S"
131,131,140,0,RDC,Kinshasa,OMS,2.63058854924,Kisenso,CD1000ZS17,,,0.19375115878,,Vv9L3W7VMrX,471267,0.19375115554,0.00126537434,"15° 20' 41,155"" E","4° 24' 56,387"" S"
132,132,141,0,RDC,Kinshasa,OMS,4.23134414891,Lingwala,CD1000ZS21,,,0.07579448561,,qbe5m6fVfMT,93616,0.07579448703,0.00021309448,"15° 18' 2,855"" E","4° 19' 32,431"" S"
133,133,142,0,RDC,Kinshasa,OMS,3.018606255,Barumbu,CD1000ZS02,,,0.07733920642,,uw3SOxNTDP4,165261,0.07733920717,0.00034276837,"15° 19' 31,300"" E","4° 19' 12,941"" S"
134,134,143,0,RDC,Kinshasa,OMS,12.4317329036,Kinshasa,CD1000ZS15,,,0.07319043154,,xZy8t34pvs6,182137,0.07319043191,0.00024452745,"15° 18' 42,857"" E","4° 19' 20,897"" S"
135,135,144,0,RDC,Kinshasa,OMS,2.46575076924,Limete,CD1000ZS20,,,0.14878264496,,JhJFxKnFvmJ,204289,0.14878264568,0.00100701138,"15° 20' 10,716"" E","4° 21' 20,478"" S"
136,136,145,0,RDC,Kinshasa,OMS,3.52074227595,Kalamu II,CD1000ZS09,,,0.06211365845,,Z3DMBdrM8Df,141665,0.06211365828,0.00019973755,"15° 19' 11,299"" E","4° 20' 26,554"" S"
137,137,146,0,RDC,Kinshasa,OMS,4.3631380668,Kalamu I,CD1000ZS08,,,0.06810225635,,D1jF9OzETge,158720,0.06810225847,0.00028519009,"15° 18' 56,270"" E","4° 21' 30,145"" S"
138,138,147,0,RDC,Kinshasa,OMS,5.16870679491,Bumbu,CD1000ZS06,,,0.07907496041,,sZ2goXLKmQX,450907,0.07907495904,0.00035341998,"15° 17' 38,201"" E","4° 22' 19,668"" S"
139,139,148,0,RDC,Kinshasa,OMS,2.79459998752,Makala,CD1000ZS22,,,0.09674813419,,SqWL31RNyKx,334674,0.09674813433,0.00041866677,"15° 18' 28,976"" E","4° 22' 54,324"" S"
140,140,149,0,RDC,Kinshasa,OMS,2.79460005302,Ngaba,CD1000ZS31,,,0.06587939795,,vvrhCzWzc0J,198005,0.06587939758,0.0002263639,"15° 19' 21,437"" E","4° 22' 48,398"" S"
141,141,150,0,RDC,Kinshasa,Div_snis,20.1772615115,Bandalungwa,CD1000ZS01,,,0.15493409191,,BjbUZ5acV7t,197743,0.15493409295,0.00047906705,"15° 17' 2,082"" E","4° 20' 33,558"" S"
142,142,151,0,RDC,Kinshasa,OMS,12.6960379966,Selembao,CD1000ZS35,,,0.23342825127,,nbSOIch7Mbc,378822,0.23342824825,0.00163430777,"15° 16' 39,390"" E","4° 24' 24,491"" S"
143,143,153,0,RDC,Kinshasa,Div_snis,14.5094349948,Masina I,CD1000ZS25,,,0.19382631221,,F0zQH8NbaIx,363551,0.19382631242,0.00117528144,"15° 24' 58,140"" E","4° 22' 25,282"" S"
144,144,154,0,RDC,Kinshasa,OMS,3.9995948586,Kintambo,CD1000ZS16,,,0.09673556161,,oeP2sQLMCuy,113892,0.0967355601,0.00032398398,"15° 16' 7,170"" E","4° 20' 44,910"" S"
145,145,155,0,RDC,Kinshasa,OMS,3.80260194121,Kasa-Vubu,CD1000ZS10,,,0.07034549275,,TuzDrpZ9zzl,144580,0.07034549319,0.00030802805,"15° 18' 17,013"" E","4° 20' 33,317"" S"
146,146,156,0,RDC,Kinshasa,OMS,3.03366705638,Ngiri-Ngiri,CD1000ZS32,,,0.06716830318,,LSvg2jR0rEQ,176547,0.06716830396,0.00024573614,"15° 17' 55,276"" E","4° 21' 24,624"" S"
147,147,157,0,RDC,Kinshasa,OMS,47.9852668834,Binza Meteo,CD1000ZS03,,,0.45127280214,,ShcGSNMpF7z,436940,0.45127280009,0.00388691031,"15° 14' 59,108"" E","4° 22' 59,932"" S"
148,148,158,0,RDC,Kinshasa,OMS,20.5686321377,Binza Ozone,CD1000ZS04,,,0.21996162507,,m5B0okd0KaZ,407232,0.21996162046,0.00170790745,"15° 13' 35,490"" E","4° 20' 35,682"" S"
149,149,159,0,RDC,Kwilu,OMS,6236.72921501,Kikongo,CD3202ZS02,,,5.83649160301,Tres haut,DrEgd3k7YFu,188773,5.83649160425,0.50531542244,"17° 10' 5,059"" E","4° 10' 12,627"" S"
150,150,160,0,RDC,Kinshasa,OMS,119.935382288,Mont Ngafula II,CD1000ZS29,,,0.54481230044,,gMhYDNcoZSe,157325,0.54481229945,0.01047880376,"15° 11' 37,257"" E","4° 25' 53,817"" S"
151,151,161,0,RDC,Kongo-Central,OMS,3232.06074751,Sona-Bata,CD2015ZS02,,,3.61915169445,,RJDVdKIftDZ,108195,3.61915169143,0.26218424326,"15° 22' 39,267"" E","4° 48' 45,675"" S"
152,152,162,0,RDC,Kinshasa,OMS,827.174690228,Nsele,CD1000ZS33,,,1.40240105488,,m0D9iUAjJ1G,191485,1.40240105689,0.06696904274,"15° 34' 57,105"" E","4° 25' 14,361"" S"
153,153,163,76,RDC,Kasaï,OMS,61.8815603456,Kanzala,CD9202ZS04,,,0.65879168988,,YyPtkSv7bB3,244917,0.65879168787,0.01840343146,"20° 48' 52,711"" E","6° 31' 5,647"" S"
154,154,164,76,RDC,Kasaï,OMS,33.0185630401,Tshikapa,CD9202ZS08,,,1.85654662395,Moyen,rsaI3zncNG9,370765,1.85654662183,0.18374788512,"20° 32' 53,103"" E","6° 39' 5,597"" S"
155,155,165,0,RDC,Kinshasa,Div_snis,9.40315998806,Kingasani,CD1000ZS14,,,0.13004187904,,ZTt8HbFGrY4,241124,0.13004187901,0.00076162594,"15° 24' 23,733"" E","4° 24' 47,750"" S"
156,156,166,0,RDC,Kinshasa,Div_snis,17.8190215946,Kimbanseke,CD1000ZS12,,,0.23764596453,,cycttnJlR4L,306115,0.23764596318,0.00144321894,"15° 22' 10,464"" E","4° 26' 45,485"" S"
157,157,167,0,RDC,Sud-Ubangi,OMS,3380.71941693,Bwamanda,CD4202ZS03,,,2.40274758664,,hlvN8zeyDZz,228489,2.40274758414,0.27418762702,"19° 23' 52,523"" E","3° 21' 6,822"" N"
158,158,168,0,RDC,Sud-Ubangi,OMS,4339.02994703,Kungu,CD4204ZS03,,,2.85026726059,,C6xrZPQNxHd,214387,2.85026726024,0.35212529817,"18° 57' 3,606"" E","2° 38' 33,690"" N"
159,159,182,0,RDC,Nord-Ubangi,OMS,5052.75994674,Loko,CD4305ZS03,,,4.30121780895,,ARnHjae4l5S,126987,4.3012178105,0.40960954019,"20° 44' 38,282"" E","3° 43' 29,382"" N"
160,160,183,0,RDC,Sud-Ubangi,OMS,2483.42242265,Bangabola,CD4203ZS01,,,2.14973734129,,aVeCzXx2CDZ,136754,2.14973733511,0.20158950546,"19° 24' 4,187"" E","2° 18' 12,415"" N"
161,161,184,0,RDC,Mongala,OMS,3495.45080364,Boso Mondanda,CD4405ZS02,,,3.2414120676,,rWbNwJffOMY,147938,3.24141206822,0.28384406707,"19° 46' 2,263"" E","1° 42' 43,770"" N"
162,162,185,0,RDC,Sud-Ubangi,OMS,4560.71641625,Budjala,CD4203ZS02,,,3.59532201308,,J1nws7yZLvv,129413,3.59532200627,0.37016477657,"19° 42' 14,218"" E","2° 28' 2,905"" N"
163,163,186,0,RDC,Mongala,OMS,4675.43289748,Binga,CD4402ZS01,,,3.66095496664,,a0M4XJunan2,267907,3.66095496709,0.37956421793,"20° 24' 46,005"" E","2° 8' 58,750"" N"
164,164,188,0,RDC,Mongala,OMS,4234.9900682,Yamaluka,CD4404ZS03,,,2.58075310897,,Yo6u0UIHrfc,140286,2.5807531066,0.34374098699,"22° 10' 28,096"" E","2° 25' 30,218"" N"
165,165,189,0,RDC,Mongala,OMS,5772.28075152,Boso Manzi,CD4402ZS02,,,3.98404003313,,w70GpRgNj01,120603,3.98404003714,0.46837259613,"21° 11' 45,045"" E","2° 48' 28,248"" N"
166,166,190,0,RDC,Nord-Ubangi,OMS,4003.0762302,Karawa,CD4305ZS02,,,2.64434751715,,N3EOJsjCXzW,252945,2.64434751557,0.32466642609,"20° 24' 20,318"" E","3° 17' 40,403"" N"
167,167,191,0,RDC,Sud-Ubangi,OMS,2282.8046347,Bominenge,CD4202ZS02,,,2.11840181107,,kYp7VK3USwS,156673,2.11840180994,0.18514472199,"20° 5' 4,978"" E","3° 17' 46,355"" N"
168,168,192,0,RDC,Sud-Ubangi,OMS,1782.9565266,Gemena,CD4202ZS04,,,1.74275716233,,F2sZHvPlln6,336594,1.74275716023,0.14460429471,"19° 50' 36,377"" E","3° 12' 30,679"" N"
169,169,193,0,RDC,Sud-Ubangi,OMS,2807.78303545,Mbaya,CD4203ZS04,,,2.27271634405,,BWravV88qKy,66393,2.27271634286,0.22785279448,"20° 22' 10,179"" E","2° 40' 57,931"" N"
170,170,194,0,RDC,Sud-Ubangi,OMS,1824.44237427,Bulu,CD4203ZS03,,,1.94385886738,,uCYafBxBtO8,130558,1.94385886696,0.14806554387,"20° 1' 55,895"" E","2° 35' 13,384"" N"
171,171,195,0,RDC,Sud-Ubangi,OMS,1839.89605433,Tandala,CD4202ZS05,,,1.80161541224,,nX75O17I2sY,274679,1.80161541281,0.14925760444,"19° 31' 59,849"" E","2° 58' 35,739"" N"
172,172,196,0,RDC,Maniema,OMS,12587.5004249,Kibombo,CD6313ZS01,,,6.26702585163,,FMXSE1MWvdO,105164,6.26702584455,1.0199602976,"25° 39' 34,695"" E","4° 4' 25,732"" S"
173,173,197,0,RDC,Maniema,OMS,243.526323474,Kindu,CD6301ZS02,,,0.54923864461,,lbUq2j3aRYh,182713,0.54923864558,0.01975627715,"25° 52' 50,686"" E","2° 56' 0,028"" S"
174,174,198,0,RDC,Maniema,OMS,71.267816084,Alunguli,CD6301ZS01,,,0.34004902018,,w1BnPOcmluI,80008,0.34004902095,0.00578192095,"25° 57' 38,197"" E","2° 56' 41,774"" S"
175,175,199,0,RDC,Kinshasa,OMS,1.26180117942,Kokolo,CD1000ZS18,,,0.04089665958,,Ab6jrKWO5EZ,291697,0.04089665931,0.00010221268,"15° 17' 14,623"" E","4° 20' 5,595"" S"
176,176,200,0,RDC,Kinshasa,OMS,0.08324213127,Police,CD1000ZS34,,,0.01163410845,,kyBo3gA8qoh,139093,0.01163410958,0.00000674324,"15° 18' 3,111"" E","4° 18' 56,302"" S"
177,177,201,0,RDC,Tshopo,Div_snis,500.691839819,Makiso-Kisangani,CD5101ZS03,,,1.22039577553,,ZHIrX4z487c,194771,1.22039577688,0.04067494075,"25° 13' 46,993"" E","0° 31' 12,483"" N"
178,178,202,0,RDC,Tshopo,Div_snis,108.659545335,Mangobo,CD5101ZS04,,,0.43177186569,,wOWB7WbNuSN,193112,0.43177186647,0.00882640288,"25° 5' 51,047"" E","0° 36' 13,923"" N"
179,179,203,0,RDC,Tshopo,Div_snis,265.738712357,Kabondo,CD5101ZS01,,,0.66098414293,,Al5GBxzCgMe,176621,0.66098414129,0.02158748701,"25° 24' 9,322"" E","0° 38' 17,460"" N"
180,180,204,0,RDC,Tshopo,Div_snis,435.024547283,Tshopo,CD5101ZS05,,,1.08172020443,,IMkgSD6FVjc,133113,1.08172020084,0.03533882938,"25° 17' 32,593"" E","0° 43' 46,059"" N"
181,181,205,0,RDC,Haut-Lomami,OMS,13815.4229268,Kaniama,CD7303ZS01,,,6.43471016016,,guov7iiEM6c,285224,6.43471015366,1.11163645818,"24° 9' 24,353"" E","7° 52' 2,272"" S"
182,182,206,0,RDC,Tanganyika,OMS,12963.2279553,Kalemie,CD7402ZS01,,,6.7193240427,,kH7KijWY3eF,331736,6.71932404356,1.19665514859,"28° 52' 4,810"" E","6° 20' 3,816"" S"
183,183,207,0,RDC,Tanganyika,OMS,9705.86137674,Kansimba,CD7404ZS01,,,6.22698922171,,dj29qACRqOf,160746,6.22698923152,0.83540403437,"29° 6' 33,989"" E","7° 17' 49,105"" S"
184,184,208,0,RDC,Haut-Lomami,OMS,5611.30507171,Butumba,CD7306ZS02,,,3.18409198426,,FWbGIJwFtFw,195533,3.18409198256,0.45032050539,"26° 22' 4,563"" E","8° 53' 11,370"" S"
185,185,209,0,RDC,Haut-Lomami,OMS,4550.75815399,Kinkondja,CD7305ZS01,,,3.3455144921,Tres haut,qZdoTKoMddO,250502,3.34551448676,0.36632189932,"26° 20' 2,290"" E","7° 42' 25,561"" S"
186,186,210,0,RDC,Haut-Lomami,OMS,7288.33955783,Baka,CD7302ZS01,,,4.09167536876,,OyzUIt0IaeY,31589,4.09167536747,0.58518271147,"24° 30' 0,080"" E","8° 42' 52,635"" S"
187,187,211,0,RDC,Tanganyika,OMS,16517.0624916,Kiyambi,CD7406ZS02,,,8.25531594021,,pCawLGK8jaD,164535,8.25531594015,1.33056118468,"28° 9' 18,101"" E","7° 22' 30,132"" S"
188,188,212,0,RDC,Tanganyika,OMS,9518.23014861,Manono,CD7406ZS03,,,4.31328868173,Tres haut,oU2G5jtXxFx,277972,4.31328868717,0.76717782404,"27° 23' 37,300"" E","7° 8' 41,442"" S"
189,189,213,0,RDC,Maniema,OMS,7334.30113078,Samba,CD6311ZS03,,,4.34528991945,,SWIUdbyuNVh,120861,4.34528990842,0.59379297764,"26° 19' 22,854"" E","4° 43' 29,529"" S"
190,190,214,0,RDC,Maniema,OMS,5553.69780206,Kasongo,CD6311ZS01,,,4.37380601695,,MRRlnyr6MW6,224012,4.37380600047,0.44995925884,"26° 45' 33,216"" E","4° 11' 31,740"" S"
191,191,215,0,RDC,Maniema,OMS,3752.66004239,Kunda,CD6311ZS02,,,4.13870785395,,MMeukZwYdI1,267171,4.13870785497,0.30414622657,"26° 16' 57,344"" E","3° 54' 57,502"" S"
192,192,216,0,RDC,Maniema,OMS,4384.40971534,Saramabila,CD6309ZS03,,,3.78395337282,,aPONdpnYXAn,145649,3.7839533801,0.35524559113,"27° 23' 20,154"" E","4° 9' 2,426"" S"
193,193,217,0,RDC,Maniema,OMS,5947.74960233,Kampene,CD6307ZS02,,,5.38063028396,,y08g1DjhBXu,145558,5.38063028104,0.48228127667,"26° 28' 53,773"" E","3° 30' 17,348"" S"
194,194,218,0,RDC,Tanganyika,OMS,8191.59837421,Nyemba,CD7402ZS02,,,4.81039121643,,SpDmHrCCVal,311691,4.81039121877,0.92768998628,"29° 1' 38,966"" E","5° 28' 52,517"" S"
195,195,219,0,RDC,Tanganyika,OMS,15741.3792938,Nyunzu,CD7410ZS01,,,7.47069632783,,uz41FkMd6Gb,256807,7.47069632695,1.27233019112,"27° 56' 4,979"" E","5° 43' 52,714"" S"
196,196,220,0,RDC,Maniema,OMS,10325.3908554,Kabambare,CD6309ZS01,,,5.29817269664,,ncFyk9qnjro,116783,5.29817269778,0.83602754072,"28° 4' 24,699"" E","4° 39' 46,374"" S"
197,197,221,0,RDC,Maniema,OMS,4484.42173808,Pangi,CD6307ZS03,,,4.05408754939,,ie0dbeVpvnB,94024,4.05408756006,0.36375832732,"26° 36' 14,322"" E","3° 9' 22,180"" S"
198,198,222,0,RDC,Maniema,OMS,3981.17880928,Kalima,CD6307ZS01,,,2.77114659335,,IpT4QLSAYMK,137782,2.77114660073,0.32305709474,"26° 38' 59,291"" E","2° 44' 47,293"" S"
199,199,224,0,RDC,Tshopo,OMS,9445.36122226,Yalimbongo,CD5109ZS03,,,5.34075911213,,CPZTm1VIXB9,98513,5.34075910791,0.76695816438,"23° 28' 23,572"" E","1° 48' 51,452"" N"
200,200,225,0,RDC,Bas-Uele,OMS,14251.637369,Aketi,CD5204ZS01,,,7.01918589703,,LOm8B3vy1qR,136050,7.01918589019,1.15654371194,"23° 45' 19,438"" E","2° 40' 0,815"" N"
201,201,226,0,RDC,Mongala,OMS,2773.35498778,Lolo,CD4404ZS02,,,2.90472604919,,Kc3iE3HU6mA,147261,2.90472604923,0.22511865736,"23° 12' 39,963"" E","2° 19' 9,733"" N"
202,202,227,0,RDC,Mongala,OMS,1958.37397299,Yamongili,CD4404ZS05,,,1.76337796279,,wqYpElLVfnN,133977,1.76337796144,0.15894000993,"22° 45' 47,206"" E","2° 33' 0,989"" N"
203,203,228,0,RDC,Nord-Ubangi,OMS,6180.76476588,Abuzi,CD4304ZS01,,,4.05493327522,,a4pMwNr59bj,76682,4.05493327363,0.50125097453,"22° 8' 46,181"" E","3° 21' 57,899"" N"
204,204,229,0,RDC,Mongala,OMS,5536.5225295,Yambuku,CD4404ZS04,,,4.72763306514,,J1sz6yfmelr,288329,4.72763307015,0.44922734727,"22° 20' 12,961"" E","2° 50' 19,843"" N"
205,205,230,0,RDC,Nord-Ubangi,OMS,1810.03158166,Wasolo,CD4304ZS03,,,4.76434442981,,PzrqwW6m5Wz,73914,4.76434442747,0.50815142534,"22° 5' 33,945"" E","3° 46' 3,138"" N"
206,206,231,0,RDC,Mongala,OMS,4030.44711433,Bosondjo,CD4405ZS03,,,2.62164636884,,jm3dqXXoblR,205140,2.6216463663,0.32725447361,"22° 2' 18,987"" E","1° 58' 53,633"" N"
207,207,232,0,RDC,Mongala,OMS,1430.62438963,Bumba,CD4404ZS01,,,1.69399840289,,KxsehuKFqW3,211816,1.6939984088,0.1161354412,"22° 42' 11,690"" E","2° 14' 26,019"" N"
208,208,234,0,RDC,Tshuapa,OMS,7737.61017252,Mondombe,CD4505ZS02,,,5.19230716272,,sJNFC3s1djp,163504,5.19230716488,0.62856176824,"22° 53' 27,432"" E","0° 38' 30,868"" S"
209,209,235,0,RDC,Tshuapa,OMS,10623.3485868,Djolu,CD4504ZS01,,,5.29919518248,,J7p1ASHGpX4,222117,5.29919518189,0.86301301512,"22° 40' 36,282"" E","0° 21' 12,466"" N"
210,210,236,0,RDC,Tshopo,OMS,22685.6611367,Opienge,CD5111ZS03,,,9.30091084328,,G1OIhUfxLw5,60387,9.30091084099,1.84292208242,"27° 20' 0,611"" E","0° 11' 29,833"" N"
211,211,237,0,RDC,Maniema,OMS,5352.71139452,Obokote,CD6305ZS02,,,3.67572966146,,BsSB1PA58Qp,81384,3.67572966268,0.43477300686,"26° 35' 46,488"" E","1° 6' 0,353"" S"
212,212,238,0,RDC,Tshopo,OMS,15034.9544322,Lowa,CD5102ZS01,,,6.10748008379,,cbLNDeAYrGo,127609,6.10748008867,1.22109443663,"25° 35' 33,527"" E","1° 16' 10,860"" S"
213,213,239,0,RDC,Tshopo,OMS,14311.9671934,Wanierukula,CD5102ZS03,,,7.87487564752,,RowlA1nBHee,83522,7.87487565152,1.16271739885,"25° 57' 22,065"" E","0° 4' 32,163"" N"
214,214,240,0,RDC,Maniema,OMS,10559.4486883,Lubutu,CD6305ZS01,,,5.77073527931,,HtQZ7yf79SN,120435,5.77073528606,0.85780202017,"26° 54' 59,083"" E","0° 37' 23,680"" S"
215,215,241,0,RDC,Kwango,OMS,5506.46212916,Kitenda,CD3106ZS02,,,3.38380197018,Tres haut,c66ur6Nda04,148015,3.38380197088,0.44373743763,"17° 21' 29,820"" E","7° 14' 8,435"" S"
216,216,242,0,RDC,Kwango,OMS,2954.34778557,Kasongo Lunda,CD3106ZS01,,,2.51584152844,Tres haut,eIpu2GCPTIP,164245,2.5158415281,0.23846306197,"16° 54' 34,016"" E","6° 28' 12,963"" S"
217,217,243,0,RDC,Kwango,OMS,6281.68398914,Popokabaka,CD3108ZS01,,,5.5253173493,Tres haut,Otc087GDtkQ,181009,5.52531735548,0.50781262087,"16° 34' 45,458"" E","5° 38' 50,251"" S"
218,218,244,0,RDC,Kongo-Central,OMS,3871.91497208,Kimvula,CD2019ZS01,,,2.82790052731,,ZSbsXl7Zsf8,78332,2.82790052511,0.31311166584,"16° 2' 18,116"" E","5° 27' 13,409"" S"
219,219,245,0,RDC,Kinshasa,OMS,5426.97665508,Maluku I,CD1000ZS23,,,3.72201021137,,tkbMhp2kIT2,195736,3.72201020379,0.43953952192,"16° 9' 23,146"" E","4° 27' 4,862"" S"
220,220,246,0,RDC,Kongo-Central,OMS,3579.41598519,Kimpese,CD2011ZS01,,,3.66444616043,,XXKTLp8q7wJ,198636,3.66444615812,0.28945507096,"14° 18' 29,465"" E","5° 27' 33,611"" S"
221,221,247,0,RDC,Kongo-Central,OMS,4534.4718554,Nsona-Mpangu,CD2011ZS02,,,3.24698172705,,n0NjjahdTLk,113747,3.24698172812,0.36660590558,"13° 53' 0,887"" E","5° 35' 33,822"" S"
222,222,248,0,RDC,Kongo-Central,OMS,1355.19658383,Kangu,CD2005ZS01,,,2.0144315421,,bV04pTUIL8A,105130,2.01443154185,0.10962802354,"12° 49' 44,370"" E","5° 15' 17,051"" S"
223,223,249,0,RDC,Kongo-Central,OMS,650.03373807,Kuimba,CD2007ZS03,,,1.20442893036,,ZekPSH5fUQ0,87945,1.20442892679,0.05260243381,"12° 41' 37,756"" E","5° 2' 21,980"" S"
224,224,250,0,RDC,Kongo-Central,OMS,1072.5937179,Kinkonzi,CD2007ZS01,,,1.56543900764,,F1WHo6oyNag,71009,1.56543900853,0.08682729557,"13° 10' 27,154"" E","4° 48' 39,516"" S"
225,225,251,0,RDC,Kongo-Central,OMS,2292.36573153,Mangembo,CD2010ZS03,,,2.24424136402,,muQLQumKnyM,82294,2.24424136938,0.18869585501,"14° 15' 9,248"" E","4° 36' 33,413"" S"
226,226,252,0,RDC,Kongo-Central,OMS,2734.789391,Gombe-Matadi,CD2013ZS02,,,3.03190329596,,MjmIRJaAC1H,104283,3.03190329705,0.22579735234,"14° 39' 17,433"" E","5° 1' 12,150"" S"
227,227,253,0,RDC,Kongo-Central,OMS,584.685665503,Masa,CD2015ZS01,,,1.1542598644,,yb4Q3Xo1EUo,118946,1.15425986121,0.04330576369,"15° 8' 38,488"" E","4° 36' 8,358"" S"
228,228,257,0,RDC,Sud-Ubangi,OMS,6398.41372609,Bokonzi,CD4204ZS01,,,3.30384736924,,izt3XGlBrmK,215776,3.30384737031,0.51940428799,"18° 34' 10,705"" E","2° 15' 19,369"" N"
229,229,260,0,RDC,Sud-Ubangi,OMS,3590.10963446,Mawuya,CD4205ZS02,,,3.53345851256,,HL8XdWF8Sne,154729,3.53345850942,0.29117972821,"18° 49' 49,861"" E","3° 16' 19,785"" N"
230,230,261,0,RDC,Sud-Ubangi,OMS,765.780927718,Zongo,CD4206ZS01,,,1.19733554095,,QNFYEQrW7Dy,75158,1.19733554081,0.06204181117,"18° 41' 53,846"" E","4° 13' 10,891"" N"
231,231,262,0,RDC,Sud-Ubangi,OMS,9132.4035494,Libenge,CD4205ZS01,,,4.85845378474,,ArdlF8PnpYL,228489,4.85845378275,0.74016501985,"19° 2' 39,231"" E","4° 6' 47,379"" N"
232,232,263,0,RDC,Nord-Ubangi,OMS,5736.12999854,Bili,CD4306ZS01,,,4.24984407637,,aU2jY9HAg9u,186282,4.24984408647,0.46435530528,"19° 43' 5,173"" E","4° 47' 29,595"" N"
233,233,264,0,RDC,Nord-Ubangi,OMS,1259.58943,Gbadolite,CD4301ZS01,,,1.55730483047,,lIWxyiAegfN,145937,1.55730483157,0.10204105673,"20° 52' 35,576"" E","4° 16' 58,338"" N"
234,234,265,0,RDC,Nord-Ubangi,OMS,8598.71061863,Mobayi Mbongo,CD4302ZS01,,,5.54924658186,,e3onjTOWxjS,113107,5.54924658278,0.69677026817,"21° 1' 52,981"" E","4° 4' 44,413"" N"
235,235,266,0,RDC,Nord-Ubangi,OMS,2055.41998998,Yakoma,CD4304ZS04,,,2.13551800919,,Bou7OgEKEp1,102145,2.1355180096,0.16656483638,"22° 12' 16,928"" E","4° 1' 54,783"" N"
236,236,267,0,RDC,Bas-Uele,OMS,7758.8141932,Monga,CD5206ZS03,,,4.25648708222,,jFTjaBOa844,79342,4.2564870785,0.62852334649,"23° 1' 40,907"" E","4° 18' 29,382"" N"
237,237,268,0,RDC,Bas-Uele,OMS,8865.86055158,Bondo,CD5206ZS02,,,6.47468640629,,ebKZ38Ejpb5,108944,6.47468639843,0.71838181418,"23° 44' 3,307"" E","4° 5' 26,383"" N"
238,238,269,0,RDC,Bas-Uele,OMS,21219.5880975,Bili,CD5206ZS01,,,7.6472063981,,CO06cO2i4Nm,64624,7.64720639207,1.71917268706,"24° 38' 32,231"" E","4° 11' 47,457"" N"
239,239,270,0,RDC,Bas-Uele,OMS,34522.9463693,Ango,CD5207ZS01,,,11.6642334732,,rLPkZegjzaS,104136,11.6642334722,2.79594067582,"26° 4' 21,359"" E","4° 28' 18,746"" N"
240,240,271,0,RDC,Tshopo,OMS,17835.8745498,Opala,CD5103ZS01,,,7.24154173464,,G2crAXygKeF,123543,7.2415417383,1.44871436722,"24° 14' 19,013"" E","1° 2' 54,442"" S"
241,241,274,0,RDC,Kwango,OMS,13200.2677433,Kahemba,CD3105ZS01,,,6.71246977811,Tres haut,JkaDYyGpdPX,246131,6.71246977813,1.06384609146,"19° 15' 35,201"" E","7° 10' 52,304"" S"
242,242,275,0,RDC,Kwilu,OMS,5909.22152411,Gungu,CD3210ZS01,,,4.38502176227,Tres haut,GuAIPcinFIj,228284,4.38502176243,0.47741238889,"19° 15' 28,053"" E","5° 59' 17,179"" S"
243,243,276,88,RDC,Kasaï,OMS,10055.2809934,Kitangwa,CD9202ZS05,,,3.605241848,,IDFKkakVBRc,246979,3.60524184921,0.59701955887,"20° 5' 5,496"" E","6° 28' 39,127"" S"
244,244,277,0,RDC,Kwilu,OMS,3742.55485083,Mukedi,CD3210ZS03,,,3.30968929654,Tres haut,Tt1rjDuQtRh,170096,3.30968929853,0.30252439533,"19° 53' 59,354"" E","5° 41' 52,096"" S"
245,245,278,0,RDC,Tanganyika,OMS,5217.73820345,Kongolo,CD7409ZS01,,,2.93277756416,,rDRhOPd3q1u,298617,2.93277756057,0.42204832336,"27° 17' 25,377"" E","5° 18' 36,851"" S"
246,246,279,0,RDC,Tanganyika,OMS,7953.05029956,Mbulula,CD7409ZS02,,,3.49728182569,Tres haut,W7IdWpJnPra,188875,3.49728182501,0.64319491977,"26° 33' 31,180"" E","5° 24' 21,127"" S"
247,247,280,0,RDC,Tanganyika,OMS,14779.1361542,Kabalo,CD7407ZS01,,,6.88337605347,Tres haut,QmaankDWQSm,250004,6.88337605523,1.1934203974,"26° 53' 31,006"" E","6° 15' 14,680"" S"
248,248,281,0,RDC,Haut-Lomami,OMS,5642.69584298,Bukama,CD7306ZS01,,,3.18557334976,,glucPFMOELN,350446,3.18557335087,0.45222334617,"25° 57' 34,743"" E","9° 22' 22,863"" S"
249,249,282,0,RDC,Haut-Lomami,OMS,6458.33114414,Kabondo Dianda,CD7306ZS03,,,4.16139482257,,BU8zas1K8mi,263975,4.1613948249,0.51879851695,"25° 57' 59,763"" E","8° 31' 39,715"" S"
250,250,283,0,RDC,Haut-Lomami,OMS,10364.0044753,Kabongo,CD7304ZS01,,,5.24330653594,,kWcBPRsa7lA,360474,5.24330652403,0.83495921057,"25° 48' 39,867"" E","7° 21' 2,261"" S"
251,251,284,0,RDC,Haut-Lomami,OMS,16946.6018648,Songa,CD7302ZS04,,,6.86472718105,,cgc7FkCPcKb,180626,6.86472718055,1.36293934238,"25° 8' 8,286"" E","8° 3' 44,004"" S"
252,252,285,0,RDC,Haut-Lomami,OMS,5961.69182211,Kayamba,CD7304ZS02,,,4.2674152897,,RonTeRt1of5,105430,4.26741527959,0.48062309125,"25° 6' 26,798"" E","7° 2' 47,727"" S"
253,253,286,0,RDC,Haut-Lomami,OMS,4572.13118574,Kitenge,CD7304ZS03,,,3.17571383311,,mSpktJNvGmQ,279110,3.17571382866,0.36900983863,"25° 43' 0,032"" E","6° 31' 4,794"" S"
254,254,287,0,RDC,Tanganyika,OMS,8579.29536618,Ankoro,CD7406ZS01,,,4.88450443133,Tres haut,dihBljVQG6z,253911,4.88450443096,0.69175732562,"26° 38' 2,678"" E","6° 58' 24,529"" S"
255,255,288,0,RDC,Haut-Lomami,OMS,2918.63852761,Mulongo,CD7305ZS04,,,2.54855326758,Tres haut,hdDyVXgN46J,287662,2.54855326956,0.23493914266,"27° 16' 6,218"" E","7° 42' 47,704"" S"
256,256,289,0,RDC,Haut-Lomami,OMS,1928.67924,Lwamba,CD7305ZS02,,,1.84651676518,Tres haut,QZr08cvgmWI,134021,1.8465167673,0.15517162053,"26° 41' 9,395"" E","7° 55' 25,528"" S"
257,257,290,0,RDC,Haut-Lomami,OMS,5899.76540333,Mukanga,CD7305ZS03,,,4.757365614,Tres haut,XdR0dqdFNt4,216220,4.75736561649,0.47435663593,"27° 8' 32,513"" E","8° 11' 12,566"" S"
258,258,291,0,RDC,Haut-Lomami,OMS,1686.0633072,Malemba,CD7306ZS04,,,2.08035513178,Tres haut,N3b4xbGIP6r,285915,2.08035513442,0.13555660232,"26° 30' 30,971"" E","8° 12' 15,474"" S"
259,259,292,0,RDC,Haut-Lomami,OMS,17547.9419764,Kinda,CD7302ZS03,,,6.60433597664,,i1aUdilicx5,89291,6.60433598571,1.40585666601,"24° 53' 18,476"" E","9° 28' 49,718"" S"
260,260,293,0,RDC,Haut-Lomami,OMS,104.578831775,Kamina,CD7302ZS02,,,0.43025785947,,T0YXktZkPCF,316517,0.43025785973,0.00839835711,"25° 13' 30,143"" E","8° 38' 57,850"" S"
261,261,294,0,RDC,Kwilu,OMS,59.7250314155,Kikwit-Sud,CD3203ZS02,,,0.34660144826,Tres haut,Y8Hlj8DpZHc,253781,0.34660144983,0.00483282765,"18° 48' 34,090"" E","5° 4' 45,705"" S"
262,262,487,0,RDC,Haut-Katanga,OMS,326.174811459,Kenya,CD7101ZS04,,,0.72509940997,,IOin37HS2Wz,263256,0.72509940913,0.02592131725,"27° 46' 32,595"" E","11° 53' 27,558"" S"
263,263,488,0,RDC,Haut-Katanga,OMS,147.280305691,Kamalondo,CD7101ZS01,,,0.5052685644,,uocpzPZHiEo,63116,0.50526856573,0.01171066385,"27° 42' 29,718"" E","11° 45' 49,617"" S"
264,264,489,0,RDC,Haut-Katanga,OMS,319.16787663,Tshamilemba,CD7101ZS10,,,0.58324847213,,BdGu22qs6aS,214384,0.58324847171,0.02538865375,"27° 36' 48,857"" E","11° 38' 48,784"" S"
265,265,490,0,RDC,Haut-Katanga,OMS,9442.37600409,Pweto,CD7109ZS02,,,5.45261367637,,fdlN13eHB5u,252652,5.45261367927,0.77880338502,"29° 0' 24,088"" E","8° 8' 20,278"" S"
266,266,491,0,RDC,Haut-Katanga,OMS,7645.26469952,Lukafu,CD7107ZS03,,,5.033552404,,nNFVLFmkaAz,88161,5.03355240434,0.6101954138,"27° 40' 27,205"" E","10° 40' 24,999"" S"
267,267,492,0,RDC,Haut-Katanga,OMS,10752.6920275,Mufunga Sampwe,CD7108ZS02,,,5.242759608,,qzQdkny6PZ4,175986,5.24275961112,0.86093846817,"27° 3' 31,794"" E","9° 41' 9,587"" S"
268,268,493,0,RDC,Haut-Katanga,OMS,12979.2385805,Kilwa,CD7109ZS01,,,6.74457952692,,iHmCGdXARXG,316511,6.74457953468,1.23671014239,"28° 11' 54,376"" E","8° 57' 59,428"" S"
269,269,494,0,RDC,Haut-Katanga,OMS,4197.66960401,Kapolowe,CD7105ZS02,,,3.15157801944,,bAFJ18IAf2S,151620,3.15157801947,0.38653884739,"27° 5' 17,957"" E","11° 12' 51,416"" S"
270,270,496,0,RDC,Haut-Katanga,OMS,841.633210291,Panda,CD7105ZS05,,,1.60348067719,,EofZhh5yYMG,88159,1.60348068022,0.06699703104,"26° 41' 23,688"" E","11° 26' 51,440"" S"
271,271,497,0,RDC,Haut-Katanga,OMS,14404.2571535,Kashobwe,CD7107ZS04,,,4.8098009575,,OcTqzK4K1RV,143478,4.80980096187,0.60514700511,"28° 13' 32,882"" E","9° 58' 5,946"" S"
272,272,498,0,RDC,Haut-Katanga,OMS,757.869927696,Kampemba,CD7101ZS02,,,1.09847718669,,zMfBT8xVQeH,398990,1.09847718729,0.06026167568,"27° 51' 47,515"" E","11° 45' 15,019"" S"
273,273,499,0,RDC,Haut-Katanga,OMS,771.456875802,Rwashi,CD7101ZS09,,,1.87877151221,,YFSLTwHFlOk,364847,1.8787715133,0.06137581701,"27° 55' 30,397"" E","11° 35' 57,854"" S"
274,274,295,0,RDC,Kasaï-Central,Div_snis,2280.67766059,Bena Tshiadi,CD9107ZS01,,,2.12869945471,,CXIGn9khu8A,115772,2.12869945322,0.18469186844,"22° 48' 29,107"" E","4° 33' 14,068"" S"
275,275,296,0,RDC,Kasaï-Central,Div_snis,5895.94460866,Yangala,CD9104ZS04,,,3.55824187815,,OxPPcQLweov,155288,3.55824187208,0.46974833268,"22° 58' 26,915"" E","7° 23' 14,423"" S"
276,276,297,0,RDC,Kasaï,Div_snis,929.001949904,Ilebo,CD9205ZS02,,,1.60711320421,Moyen,g9sayFS8d1p,180084,1.60711320638,0.11613360786,"20° 44' 25,883"" E","4° 18' 26,508"" S"
277,277,298,0,RDC,Kasaï,Div_snis,5669.15999894,Luebo,CD9204ZS01,,,3.98419744971,Moyen,d9la4YKNnto,246440,3.98419745212,0.50827438419,"21° 29' 22,169"" E","5° 35' 42,890"" S"
278,278,299,0,RDC,Kasaï-Central,Div_snis,4329.64048982,Bena Leka,CD9106ZS01,,,3.76891752485,,HYPBUncgldT,282317,3.7689175261,0.35032550784,"22° 5' 43,830"" E","5° 6' 32,768"" S"
279,279,300,0,RDC,Kasaï-Central,Div_snis,3481.97290704,Muetshi,CD9107ZS04,,,3.02189497061,,Ied3F9RYVfg,114210,3.02189497453,0.28182559656,"22° 41' 33,803"" E","4° 54' 36,662"" S"
280,280,301,0,RDC,Kasaï-Central,Div_snis,2495.11635892,Tshikula,CD9102ZS04,,,2.5881588322,,k3UBz1nclY7,138099,2.58815883205,0.20181130719,"22° 45' 28,102"" E","6° 2' 17,240"" S"
281,281,302,0,RDC,Kasaï-Central,Div_snis,1408.52727576,Dibaya,CD9102ZS02,,,1.65161150455,,kye1r2XW3YV,152099,1.65161150166,0.11527769115,"22° 58' 14,208"" E","6° 28' 44,201"" S"
282,282,303,0,RDC,Kasaï-Central,Div_snis,1223.90906934,Kalomba,CD9105ZS02,,,1.88256002728,,r9jRmNpYalx,152881,1.88256002633,0.09872526515,"21° 40' 27,693"" E","6° 47' 13,293"" S"
283,283,304,0,RDC,Kasaï-Central,Div_snis,2707.25478149,Tshibala,CD9105ZS05,,,2.57310814693,,AH4FtBD4MqK,247221,2.57310814335,0.21832962525,"21° 59' 57,078"" E","6° 53' 27,074"" S"
284,284,305,0,RDC,Kasaï,Div_snis,6791.50177083,Mushenge,CD9207ZS03,,,3.43816811155,Moyen,qdhh0JFWiW2,148103,3.43816810963,0.51086497788,"21° 13' 40,282"" E","4° 25' 1,316"" S"
285,285,306,0,RDC,Kasaï,Div_snis,4012.86127814,Bulape,CD9207ZS01,,,3.22127885992,,tTRg4cT07K7,172411,3.22127885686,0.32504583232,"21° 45' 17,454"" E","4° 22' 3,102"" S"
286,286,307,0,RDC,Kasaï-Central,Div_snis,2313.68274369,Masuika,CD9104ZS03,,,2.66640462877,,hi9gSpIVzai,207691,2.66640462563,0.18630117615,"22° 30' 47,187"" E","7° 34' 42,112"" S"
287,287,308,0,RDC,Kasaï-Central,Div_snis,3465.3142494,Luiza,CD9104ZS02,,,2.893753334,,etpyShZCZEs,174294,2.89375332762,0.27938017975,"22° 29' 37,772"" E","7° 1' 43,005"" S"
288,288,309,0,RDC,Kasaï-Central,Div_snis,141.682889324,Katoka,CD9101ZS03,,,0.56558333618,,dwBRSfVBpk6,143143,0.56558333817,0.01144915017,"22° 19' 51,118"" E","5° 52' 34,887"" S"
289,289,310,0,RDC,Kasaï-Central,Div_snis,103.89544256,Ndesha,CD9101ZS05,,,0.47451131622,,wq3tWiKJkNr,104777,0.47451131759,0.00839634796,"22° 24' 17,150"" E","5° 49' 40,138"" S"
290,290,311,0,RDC,Kasaï-Central,Div_snis,110.566337425,Tshikaji,CD9101ZS06,,,0.41491479467,,U6rNBblejC5,121476,0.41491479456,0.00893276498,"22° 28' 0,551"" E","5° 59' 34,475"" S"
291,291,312,0,RDC,Kasaï-Central,Div_snis,1279.80647713,Bilomba,CD9105ZS01,,,1.5913154526,,FwiMpLozKls,91583,1.59131545548,0.10328576808,"22° 15' 58,129"" E","6° 32' 43,524"" S"
292,292,313,0,RDC,Kasaï-Central,Div_snis,4024.80835338,Ndekesha,CD9105ZS04,,,3.6593355398,,mixGG8ryrT9,161468,3.65933554837,0.32495757331,"21° 51' 58,366"" E","6° 19' 46,961"" S"
293,293,314,0,RDC,Kasaï-Central,Div_snis,1632.07028239,Bunkonde,CD9102ZS01,,,1.91997418759,,Al39AWPqFCc,115234,1.91997418438,0.13176254229,"22° 34' 57,648"" E","6° 21' 50,127"" S"
294,294,315,0,RDC,Kasaï-Central,Div_snis,3300.5793547,Mikalayi,CD9105ZS03,,,3.34475657587,,csMZZqDFCvW,222508,3.34475657846,0.26663766641,"22° 6' 48,913"" E","6° 1' 47,603"" S"
295,295,316,0,RDC,Kasaï-Central,Div_snis,4274.20752714,Luambo,CD9104ZS01,,,3.22547920257,,lRLzCt3aMHM,276396,3.22547919729,0.34428871115,"22° 3' 41,842"" E","7° 25' 27,325"" S"
296,296,317,0,RDC,Kasaï-Central,Div_snis,3105.70015203,Katende,CD9107ZS02,,,2.71121663117,,Ko8qaFXjOIM,92176,2.71121663207,0.25114526874,"22° 55' 12,790"" E","5° 27' 43,553"" S"
297,297,318,0,RDC,Kasaï,Div_snis,2577.72301835,Ndjoko-Mpunda,CD9204ZS02,,,2.33755379092,Moyen,phRBB1s5LJX,153815,2.33755379167,0.23162787208,"21° 4' 25,103"" E","5° 41' 35,198"" S"
298,298,319,0,RDC,Kasaï-Central,Div_snis,2007.93244651,Lubondaie,CD9102ZS03,,,1.97528641601,,ZIEdn6Pptv7,152399,1.9752864162,0.1582333673,"22° 47' 54,011"" E","6° 42' 38,293"" S"
299,299,320,0,RDC,Kasaï,Div_snis,5089.70138234,Kakenge,CD9207ZS02,,,3.15295123007,,y1bSl3YWtJm,149498,3.15295122418,0.41221594342,"22° 9' 3,734"" E","4° 28' 4,727"" S"
300,300,322,0,RDC,Ituri,Div_snis,665.441431604,Rwampara,CD5402ZS06,,,1.42747993166,,vPxN2nZnBXK,134068,1.42747993392,0.03796451696,"30° 6' 36,762"" E","1° 34' 19,014"" N"
301,301,323,0,RDC,Ituri,Div_snis,168.968739953,Bunia,CD5402ZS02,,,0.73694736716,,GPi6i83o7l6,268128,0.73694736715,0.02979746213,"30° 13' 24,391"" E","1° 35' 43,848"" N"
302,302,324,0,RDC,Ituri,Div_snis,314.8368602,Jiba,CD5405ZS05,,,1.19255755795,,mgcXmrrvCZr,137046,1.19255755509,0.05983350057,"30° 47' 23,183"" E","1° 45' 29,970"" N"
303,303,325,0,RDC,Ituri,Div_snis,398.954635046,Linga,CD5405ZS07,,,1.2478603296,,K0KK2tBPIRA,147492,1.24786032724,0.04741401492,"30° 49' 36,062"" E","1° 54' 37,960"" N"
304,304,326,0,RDC,Ituri,Div_snis,629.342718102,Mangala,CD5405ZS09,,,1.24026381256,,YTZmP8g33YJ,92662,1.24026381547,0.05109777936,"30° 24' 36,857"" E","1° 58' 1,122"" N"
305,305,327,0,RDC,Ituri,Div_snis,1795.98331539,Damas,CD5405ZS02,,,2.1070401828,,ApdB8z3Wrxt,116731,2.10704017909,0.14579957921,"30° 10' 40,752"" E","2° 11' 6,762"" N"
306,306,328,0,RDC,Ituri,Div_snis,393.394234218,Fataki,CD5405ZS04,,,1.20002707781,,FDNwbfrJhkA,128262,1.20002707268,0.03194175123,"30° 33' 19,238"" E","1° 54' 50,064"" N"
307,307,329,0,RDC,Ituri,Div_snis,649.617140195,Drodro,CD5405ZS03,,,1.10967928059,,OIhgsXcZf6x,154777,1.10967927487,0.05275072723,"30° 32' 55,279"" E","1° 44' 30,233"" N"
308,308,330,0,RDC,Ituri,Div_snis,267.507329295,Tchomia,CD5405ZS13,,,1.26911091591,,rhj4btTd3i0,110386,1.26911091582,0.07555240518,"30° 35' 44,574"" E","1° 31' 40,388"" N"
309,309,331,0,RDC,Ituri,Div_snis,665.601372701,Rethy,CD5405ZS12,,,1.37103578439,,hWMdKGgsAIz,200327,1.37103578346,0.05403810316,"30° 44' 27,973"" E","2° 4' 30,098"" N"
310,310,332,0,RDC,Ituri,Div_snis,862.097191469,Nyakunde,CD5402ZS05,,,1.31953036183,,mGTaa8TFifO,97949,1.31953036096,0.07001394681,"29° 56' 39,846"" E","1° 28' 33,941"" N"
311,311,333,0,RDC,Ituri,Div_snis,238.700151151,Nizi,CD5405ZS11,,,0.59728115481,,TCE5waEW7Fi,141651,0.59728115677,0.01938305532,"30° 19' 29,075"" E","1° 44' 58,870"" N"
312,312,334,0,RDC,Ituri,Div_snis,466.240722157,Bambu,CD5405ZS01,,,1.15312691757,,Uc3GqWS8C0w,148752,1.15312691558,0.03785789918,"30° 13' 13,654"" E","1° 52' 18,339"" N"
313,313,335,0,RDC,Ituri,Div_snis,341.633417617,Kilo,CD5405ZS06,,,0.79241954436,,sbyWSsdZ3tj,55902,0.79241954168,0.02774128976,"30° 5' 5,786"" E","1° 45' 43,634"" N"
314,314,336,0,RDC,Ituri,Div_snis,1361.76412599,Mongbalu,CD5405ZS10,,,1.67229567759,,nv8tx681Gjd,133371,1.67229567877,0.11056363942,"29° 54' 56,395"" E","1° 59' 0,366"" N"
315,315,337,0,RDC,Ituri,Div_snis,3191.56771346,Komanda,CD5402ZS04,,,2.62812415875,,i2mtQy4nTmD,184816,2.6281241609,0.25923199861,"29° 38' 34,827"" E","1° 8' 2,902"" N"
316,316,338,0,RDC,Ituri,Div_snis,1736.69940171,Gethy,CD5402ZS03,,,1.95694300604,,X8zFJ7DJlRD,186541,1.95694300872,0.16569839537,"30° 13' 56,990"" E","1° 15' 55,938"" N"
317,317,339,0,RDC,Ituri,Div_snis,1085.15514039,Boga,CD5402ZS01,,,1.86895228046,,rLadlFjzCh7,67785,1.86895228379,0.08814568882,"30° 0' 10,745"" E","0° 59' 4,043"" N"
318,318,340,0,RDC,Ituri,Div_snis,6708.3133062,Nia-Nia,CD5403ZS04,,,5.03111118556,,tWlaqwSUheI,71361,5.03111118429,0.54483670645,"27° 58' 47,496"" E","1° 18' 45,858"" N"
319,319,341,0,RDC,Ituri,Div_snis,1895.61409003,Mandima,CD5403ZS03,,,2.50407568696,,YpXUkTbtAPA,138196,2.50407568361,0.15396886351,"29° 11' 37,809"" E","0° 54' 41,255"" N"
320,320,342,0,RDC,Ituri,Div_snis,9212.80320534,Lolwa,CD5403ZS01,,,5.23145585359,,xp3Y1OXHZLj,45779,5.23145585948,0.74805342891,"29° 26' 30,692"" E","1° 49' 47,334"" N"
321,321,343,0,RDC,Ituri,Div_snis,431.884172994,Lita,CD5405ZS08,,,0.94620738991,,xGWcGHazqtw,128175,0.94620738689,0.03507319508,"30° 22' 29,692"" E","1° 34' 29,153"" N"
322,322,344,0,RDC,Haut-Uele,Div_snis,1424.90526947,Boma-Mangbetu,CD5311ZS01,,,1.33120296051,,qwBasnNFRFW,108493,1.33120296075,0.11567206291,"27° 45' 29,213"" E","2° 13' 21,866"" N"
323,323,345,0,RDC,Haut-Uele,Div_snis,4440.82897859,Isiro,CD5302ZS01,,,4.07881880227,,lW6NlTXqGcv,244412,4.07881879414,0.36043120839,"27° 17' 47,725"" E","2° 28' 12,298"" N"
324,324,346,0,RDC,Haut-Uele,Div_snis,6878.58864508,Wamba,CD5311ZS03,,,6.32763958529,,ET5R8zSN3gm,131034,6.32763958254,0.55845416269,"27° 54' 42,012"" E","2° 1' 58,629"" N"
325,325,347,0,RDC,Haut-Uele,Div_snis,14730.9432744,Doruma,CD5305ZS01,,,6.84524114715,,ZEGVJVjXJJW,68675,6.84524115183,1.19317158178,"27° 40' 7,046"" E","4° 23' 41,273"" N"
326,326,348,0,RDC,Haut-Uele,Div_snis,1534.98325724,Pawa,CD5311ZS02,,,2.23785777482,,ZxQY9szHMx5,166992,2.2378577745,0.12459778691,"27° 35' 15,151"" E","2° 19' 58,510"" N"
327,327,349,0,RDC,Haut-Uele,Div_snis,9368.63444825,Niangara,CD5303ZS01,,,5.72871731271,,PDPn74NtJzs,113581,5.72871731505,0.75966074253,"27° 54' 6,069"" E","3° 30' 44,879"" N"
328,328,350,0,RDC,Haut-Uele,Div_snis,4964.75991572,Rungu,CD5302ZS02,,,4.44604481496,,EGoMVOvVUAp,102430,4.44604481202,0.40283566047,"27° 57' 51,009"" E","2° 50' 38,916"" N"
329,329,351,0,RDC,Ituri,Div_snis,17788.1992683,Mambasa,CD5403ZS02,,,6.35383422927,,RjHZChl5gJQ,95906,6.35383422376,1.44460416607,"28° 41' 59,078"" E","1° 26' 58,676"" N"
330,330,352,0,RDC,Ituri,Div_snis,371.575932965,Rimba,CD5407ZS07,,,0.81469673148,,a2aJcbwnjoK,211373,0.81469672941,0.030164202,"30° 45' 21,417"" E","2° 13' 10,272"" N"
331,331,353,0,RDC,Ituri,Div_snis,267.093277983,Logo,CD5407ZS04,,,0.8051230155,,qqGoQGSp1Dw,240552,0.8051230133,0.02168310174,"30° 55' 7,239"" E","2° 10' 15,850"" N"
332,332,354,0,RDC,Ituri,Div_snis,276.97611971,Angumu,CD5407ZS01,,,1.1234384652,,yKlg7zZ2xlH,164109,1.12343846444,0.06364755523,"31° 3' 40,526"" E","1° 57' 33,417"" N"
333,333,355,0,RDC,Ituri,Div_snis,455.819347115,Nyarambe,CD5407ZS06,,,1.14159015974,,gyRgzU4sTgY,233227,1.14159015932,0.04657736551,"31° 9' 17,022"" E","2° 9' 11,228"" N"
334,334,356,0,RDC,Ituri,Div_snis,563.322439874,Mahagi,CD5407ZS05,,,1.1530544336,,seNn0NUsKYn,174551,1.15305443536,0.04572703964,"30° 56' 30,138"" E","2° 18' 44,995"" N"
335,335,357,0,RDC,Haut-Uele,Div_snis,3615.69511824,Makoro,CD5307ZS03,,,4.06856095848,,yNXb6VSdyPw,120874,4.06856095506,0.29331446493,"30° 0' 23,991"" E","3° 3' 47,056"" N"
336,336,358,0,RDC,Ituri,Div_snis,1371.11434965,Kambala,CD5407ZS03,,,2.28296414788,,SkEKQLSulmp,123772,2.28296414302,0.11129655414,"30° 28' 51,625"" E","2° 20' 6,622"" N"
337,337,359,0,RDC,Ituri,Div_snis,1877.98408516,Biringi,CD5409ZS05,,,2.83518089654,,yS0pmMtanuT,122531,2.83518089435,0.15239450168,"30° 20' 37,203"" E","2° 43' 8,548"" N"
338,338,360,0,RDC,Ituri,Div_snis,1290.9753537,Laybo,CD5409ZS06,,,1.68649843889,,n1N4M95juaC,141710,1.68649844108,0.10470012616,"30° 30' 22,015"" E","3° 19' 53,226"" N"
339,339,361,0,RDC,Ituri,Div_snis,645.370351461,Ariwara,CD5409ZS03,,,1.17944806701,,fM8IqjhdeyL,201273,1.17944806853,0.05234873485,"30° 44' 11,371"" E","3° 10' 37,370"" N"
340,340,362,0,RDC,Ituri,Div_snis,1125.05599955,Adi,CD5409ZS01,,,1.42606460089,,QAjDPUD5eCo,161745,1.42606460102,0.09123092613,"30° 43' 58,808"" E","3° 28' 2,372"" N"
341,341,363,0,RDC,Ituri,Div_snis,861.363973101,Aru,CD5409ZS04,,,1.26348672505,,v8PqffapuVl,181110,1.26348672548,0.06989003976,"30° 44' 5,468"" E","2° 51' 9,396"" N"
342,342,364,0,RDC,Ituri,Div_snis,1148.08134802,Adja,CD5409ZS02,,,1.55294349296,,CLboGR4F3lj,126314,1.55294349371,0.09313818625,"30° 24' 47,381"" E","3° 2' 33,693"" N"
343,343,365,0,RDC,Ituri,Div_snis,1311.52416313,Aungba,CD5407ZS02,,,2.13978360141,,DFcltLEKLxj,158181,2.13978359954,0.10643725834,"30° 35' 47,906"" E","2° 35' 49,376"" N"
344,344,366,0,RDC,Haut-Uele,Div_snis,6509.90855285,Faradje,CD5307ZS02,,,4.36705881862,,H0UZDpNtJ17,114061,4.3670588196,0.52771274272,"29° 49' 55,501"" E","3° 45' 24,275"" N"
345,345,367,0,RDC,Haut-Uele,Div_snis,10395.729135,Gombari,CD5309ZS01,,,6.52611891127,,h1dItcsoHRw,110961,6.52611891099,0.84356423277,"28° 59' 26,112"" E","2° 44' 49,871"" N"
346,346,368,0,RDC,Haut-Uele,Div_snis,19156.3876006,Dungu,CD5305ZS02,,,8.4996305495,,GkqfQB4CBwt,124136,8.4996305546,1.55271880695,"28° 59' 41,533"" E","3° 49' 27,699"" N"
347,347,369,0,RDC,Haut-Uele,Div_snis,6066.77254493,Watsa,CD5309ZS02,,,6.37329980854,,mS2mByLHkzL,168381,6.37329980231,0.49230000903,"29° 43' 15,218"" E","2° 43' 19,323"" N"
348,348,370,0,RDC,Kasaï-Central,OMS,3817.64301928,Demba,CD9106ZS02,,,3.22929127312,,F8Spet7wqMK,320724,3.22929127068,0.30870069878,"22° 17' 58,874"" E","5° 29' 59,243"" S"
349,349,371,0,RDC,Kasaï-Central,OMS,1342.15530152,Mutoto,CD9106ZS03,,,1.60780437409,,QtlqWolz843,130708,1.60780437374,0.10850576731,"22° 38' 28,257"" E","5° 37' 27,399"" S"
350,350,372,0,RDC,Kasaï-Central,Div_snis,2910.43650114,Lubunga,CD9107ZS03,,,2.46391126393,,FTamklKvHl5,99541,2.46391126432,0.23533666568,"23° 24' 0,332"" E","5° 30' 57,131"" S"
351,351,373,0,RDC,Kasaï-Central,OMS,42.8598433797,Kananga,CD9101ZS02,,,0.27937096569,,m2DHxGhogWK,276101,0.27937096554,0.00346310435,"22° 25' 56,395"" E","5° 55' 40,876"" S"
352,352,374,0,RDC,Kinshasa,OMS,3341.04646782,Maluku II,CD1000ZS24,,,3.78050746866,,nq4LAyXUm8a,71655,3.78050745923,0.27208516694,"15° 46' 55,964"" E","4° 24' 54,530"" S"
353,353,375,0,RDC,Kongo-Central,OMS,3256.54342917,Nselo,CD2017ZS03,,,3.87592005243,,TqMyBh0yNwZ,89740,3.87592003841,0.26342436043,"15° 37' 25,148"" E","5° 16' 59,822"" S"
354,354,376,0,RDC,Sankuru,OMS,14482.5589877,Lomela,CD8307ZS01,,,7.20808447316,,L08zgLln431,116064,7.20808446447,1.17565605636,"23° 50' 7,593"" E","2° 13' 59,864"" S"
355,355,377,0,RDC,Maï-Ndombe,OMS,9188.88872437,Nioki,CD3306ZS02,,,4.7511452515,Tres haut,j89PZlq83OT,154900,4.75114525196,0.74553187569,"17° 49' 56,829"" E","2° 54' 28,778"" S"
356,356,379,0,RDC,Maï-Ndombe,OMS,4124.37132546,Bolobo,CD3308ZS01,,,3.00994661274,Tres haut,MiaMAqYujLY,137103,3.00994661377,0.33469168791,"16° 22' 50,850"" E","2° 40' 57,307"" S"
357,357,380,0,RDC,Maï-Ndombe,OMS,11859.8938542,Mushie,CD3311ZS01,,,4.91273811119,Tres haut,EDu64jGXwRe,122030,4.91273811467,0.96255577071,"17° 10' 56,777"" E","2° 31' 5,910"" S"
358,358,381,0,RDC,Maï-Ndombe,OMS,14552.1208353,Kwamouth,CD3307ZS01,,,4.81719089067,Tres haut,nTMZjDaAgBb,123501,4.8171908903,1.18014582159,"16° 40' 40,649"" E","3° 34' 45,948"" S"
359,359,382,0,RDC,Kwilu,OMS,2749.28834327,Mokala,CD3206ZS05,,,2.33729091187,Tres haut,tPnKr9Z2phW,209729,2.33729091257,0.22281449499,"19° 1' 2,801"" E","3° 57' 25,998"" S"
360,360,384,0,RDC,Kwango,OMS,4929.86568421,Kisanji,CD3103ZS02,,,3.58928107976,Tres haut,ni4XTmpzmVX,114432,3.58928108575,0.39790357118,"19° 0' 28,039"" E","6° 29' 24,058"" S"
361,361,385,0,RDC,Kasaï-Central,Div_snis,93.1733542235,Lukonga,CD9101ZS04,,,0.45096671098,,SAt8yoeSMjD,275712,0.45096671257,0.00752929626,"22° 27' 59,749"" E","5° 52' 6,380"" S"
362,362,386,0,RDC,Maniema,OMS,9979.79828162,Tunda,CD6313ZS02,,,5.57352601713,,BmjuXfI9o9i,84880,5.5735260114,0.80867338518,"25° 8' 9,327"" E","4° 3' 59,376"" S"
363,363,387,0,RDC,Nord-Ubangi,OMS,7027.71922492,Bosobolo,CD4306ZS02,,,6.07317576481,,HT0MyE7KoXx,166064,6.07317577414,0.56926939755,"19° 50' 59,414"" E","4° 21' 6,307"" N"
364,364,388,0,RDC,Nord-Ubangi,OMS,6456.34210746,Businga,CD4305ZS01,,,4.41246101646,,R9J0n0C1U0s,128857,4.41246101948,0.52369134224,"21° 24' 5,725"" E","3° 11' 40,743"" N"
365,365,389,0,RDC,Sud-Ubangi,OMS,1426.99811827,Boto,CD4204ZS02,,,2.49330578452,,FzA1yCf8PY7,18096,2.49330578483,0.11577057626,"18° 57' 15,418"" E","2° 59' 24,338"" N"
366,366,390,0,RDC,Mongala,OMS,5576.59751574,Lisala,CD4402ZS03,,,4.44926210404,,Xol9qIrf1Gi,265387,4.44926210293,0.45268177717,"21° 14' 18,624"" E","2° 17' 1,412"" N"
367,367,391,0,RDC,Sud-Ubangi,OMS,1711.05125048,Ndage,CD4203ZS05,,,2.32405190679,,GMlNzqj2WDG,126818,2.32405190667,0.13884411784,"20° 42' 25,914"" E","2° 44' 27,624"" N"
368,368,395,0,RDC,Kwango,OMS,7164.47186882,Mwela Lembwa,CD3103ZS03,,,4.94347987006,Tres haut,jzvghlGm7Hp,95554,4.9434798699,0.57867396142,"17° 47' 8,761"" E","6° 7' 31,063"" S"
369,369,396,0,RDC,Kinshasa,OMS,15.0420469764,Kingabwa,CD1000ZS13,,,0.25064822321,,NwNyAitXVsr,228172,0.25064822312,0.00140482486,"15° 21' 28,470"" E","4° 20' 45,804"" S"
370,370,397,0,RDC,Bas-Uele,OMS,13129.3100406,Likati,CD5204ZS02,,,6.69844356607,,wqWNVs3uxpv,70449,6.69844356914,1.0648148771,"23° 45' 13,590"" E","3° 19' 12,771"" N"
371,371,398,0,RDC,Tshopo,OMS,21481.9910419,Yahuma,CD5107ZS01,,,9.32332144738,,quf7vedArhs,180642,9.32332143884,1.74490316329,"23° 8' 35,519"" E","0° 50' 27,726"" N"
372,372,399,0,RDC,Tshuapa,OMS,13831.2648033,Ikela,CD4505ZS01,,,6.45138134838,,S3K6ShnHjIY,160388,6.45138135416,1.12326673804,"23° 27' 57,697"" E","1° 29' 28,817"" S"
373,373,400,0,RDC,Tshopo,Div_snis,883.868226054,Lubunga,CD5101ZS02,,,1.86393026393,,I9d1F9TGn33,158178,1.86393026603,0.07180445549,"25° 7' 3,589"" E","0° 23' 32,870"" N"
374,374,401,0,RDC,Tshopo,Div_snis,12189.6691112,Ubundu,CD5102ZS02,,,5.39089437494,,ThkZT6koPKj,97777,5.39089437298,0.99025656102,"25° 5' 15,985"" E","0° 23' 26,009"" S"
375,375,403,0,RDC,Maniema,OMS,22820.9136475,Kailo,CD6302ZS01,,,9.41781562388,,ZHRREbCOGwG,142872,9.41781562525,1.85216443151,"25° 41' 5,229"" E","2° 30' 4,161"" S"
376,376,404,84,RDC,Sankuru,OMS,3064.45360901,Ototo,CD8302ZS02,,,2.88955500778,,Rw3GsgKRHj5,133041,2.88955501143,0.24815340795,"23° 26' 58,856"" E","4° 34' 29,076"" S"
377,377,405,17,RDC,Sankuru,OMS,4087.20682101,Tshumbe,CD8309ZS03,,,3.53692701117,,fjTwDPXTHPR,100051,3.53692701192,0.33092041976,"24° 39' 5,100"" E","4° 41' 17,287"" S"
378,378,406,0,RDC,Maniema,OMS,4259.88675416,Lusangi,CD6309ZS02,,,3.85695110684,,rmoJzmAeUZq,170540,3.85695110028,0.34490814272,"27° 13' 55,163"" E","4° 40' 31,527"" S"
379,379,407,0,RDC,Kasaï-Central,Div_snis,37.4621925647,Bobozo,CD9101ZS01,,,0.27082245491,,MlE1k08houk,45546,0.27082245516,0.00302676574,"22° 23' 26,860"" E","5° 57' 52,309"" S"
380,380,408,0,RDC,Maniema,OMS,5640.38133117,Punia,CD6303ZS02,,,5.66013241913,,EyMlz2Qvcmt,100197,5.66013241371,0.99351935613,"26° 59' 48,138"" E","1° 41' 36,886"" S"
381,381,409,33,RDC,Nord-Kivu,,1041.72403582,Kyondo,CD6107ZS03,,,1.55083379359,,amGiV9h9C2I,215154,1.60647339842,0.0824958402,"29° 29' 9,229"" E","0° 0' 47,473"" N"
382,382,410,34,RDC,Nord-Kivu,,1312.03395397,Mabalako,CD6107ZS04,,,2.36983184395,,svtAZQ9nVl0,186148,2.36983184065,0.10668500657,"29° 12' 41,237"" E","0° 28' 5,230"" N"
383,383,411,35,RDC,Nord-Kivu,,805.517040505,Biena,CD6105ZS02,,,1.54637939422,,TtaXlLIpy8b,118805,1.54637939789,0.06543601799,"28° 58' 4,354"" E","0° 13' 36,427"" N"
384,384,412,36,RDC,Nord-Kivu,,187.543610017,Masereka,CD6105ZS06,,,1.78335857322,,kQCMPbHKQ93,177664,1.7833585769,0.0624849091,"29° 33' 34,064"" E","0° 11' 2,580"" S"
385,385,413,37,RDC,Nord-Kivu,,940.575009664,Lubero,CD6105ZS04,,,2.81213781153,,oTtGHeQSotN,266211,2.8121378162,0.14425122,"29° 21' 38,330"" E","0° 17' 41,083"" S"
386,386,414,38,RDC,Nord-Kivu,,5560.11643116,Manguredjipa,CD6105ZS05,,,4.27382579544,,IyDb5geWMDN,72437,4.27382580317,0.45211603578,"28° 26' 42,192"" E","0° 23' 34,073"" N"
387,387,415,42,RDC,Nord-Kivu,,2054.42221751,Mutwanga,CD6107ZS05,,,2.70298768397,,TnjfqDbxtwP,247995,2.70298768534,0.1668999793,"29° 44' 32,575"" E","0° 18' 49,856"" N"
388,388,416,43,RDC,Nord-Kivu,,558.500784332,Kamango,CD6107ZS02,,,1.35358406338,,vFJcnSDGQS0,105654,1.35358405699,0.04536984942,"29° 49' 46,667"" E","0° 40' 40,208"" N"
389,389,417,44,RDC,Nord-Kivu,,1292.48045004,Oicha,CD6107ZS06,,,2.23225999327,,zOOAshOz4Cz,336160,2.23225999534,0.10499677618,"29° 35' 57,898"" E","0° 45' 20,955"" N"
390,390,418,45,RDC,Nord-Kivu,,1269.67728403,Binza,CD6111ZS02,,,2.17318063597,,qa1TBnjJilP,184408,2.17318062673,0.10313817593,"29° 31' 18,460"" E","0° 48' 52,750"" S"
391,391,419,46,RDC,Nord-Kivu,,493.469212638,Rwanguba,CD6111ZS06,,,1.19937328246,,iQA2NO6cMnJ,260356,1.19937328104,0.04008057378,"29° 32' 21,993"" E","1° 13' 18,603"" S"
392,392,420,47,RDC,Nord-Kivu,,1031.58847201,Rutshuru,CD6111ZS05,,,1.58318445128,,nXYw6kLqc0y,284254,1.58318444881,0.08379265183,"29° 24' 2,578"" E","1° 17' 45,835"" S"
393,393,421,49,RDC,Nord-Kivu,,366.145838917,Birambizo,CD6111ZS03,,,0.99587130694,,CFKkX16A1rM,385710,0.99587130677,0.02973911207,"29° 6' 46,727"" E","1° 13' 24,922"" S"
394,394,422,57,RDC,Nord-Kivu,,25.5776513055,Beni,CD6109ZS01,,,0.17097696503,,msg2MyMGhKv,382409,0.17097696532,0.00207787114,"29° 28' 10,310"" E","0° 29' 58,256"" N"
395,395,423,58,RDC,Nord-Kivu,,919.194777673,Vuhovi,CD6107ZS07,,,1.83785963096,,EsZ68sGXB5Y,121520,1.96908821349,0.06427083809,"29° 15' 14,796"" E","0° 15' 4,254"" N"
396,396,424,59,RDC,Nord-Kivu,,2841.55564422,Musienene,CD6105ZS07,,,5.31508559619,,VooLsNf0dDB,249370,5.23607821716,0.22866811704,"28° 39' 32,362"" E","0° 1' 6,884"" N"
397,397,425,60,RDC,Nord-Kivu,,7.08983190588,Butembo,CD6110ZS01,,,0.14248895724,,foR0DRLqtdJ,316182,0.43987072929,0.0060525322,"29° 15' 35,669"" E","0° 8' 23,868"" N"
398,398,426,61,RDC,Nord-Kivu,,6.90772535559,Katwa,CD6110ZS02,,,0.11399233998,,woJBeEpIZdy,411346,0.4811870596,0.0077833514,"29° 19' 25,348"" E","0° 7' 14,083"" N"
399,399,427,133,RDC,Nord-Kivu,,2759.1050495,Kayna,CD6105ZS03,,,3.62598189119,,ZLgC2OOesbS,351259,3.6259819005,0.2442955539,"28° 58' 21,636"" E","0° 28' 54,138"" S"
400,400,428,137,RDC,Nord-Kivu,,35.9447289052,Goma,CD6101ZS01,,,0.36985165651,,t8tjGKVhkl3,251728,0.36985165701,0.00211929528,"29° 10' 48,752"" E","1° 39' 9,371"" S"
401,401,429,41,RDC,Nord-Kivu,,70.2895899674,Karisimbi,CD6101ZS02,,,0.41701647573,,RSaqeeEezZl,501745,0.41701647371,0.00570803247,"29° 12' 32,131"" E","1° 38' 3,489"" S"
402,402,430,53,RDC,Nord-Kivu,,3991.07117214,Kibua,CD6104ZS02,,,3.89322533992,,is2bUIOxBUG,101566,3.8932253383,0.3241572071,"28° 24' 45,628"" E","1° 15' 33,459"" S"
403,403,431,51,RDC,Nord-Kivu,,948.453368791,Masisi,CD6103ZS03,,,1.60003127308,,D6IRek5MhIt,409779,1.60003126875,0.07702781009,"28° 43' 46,764"" E","1° 27' 25,993"" S"
404,404,432,52,RDC,Nord-Kivu,,1422.37914937,Mweso,CD6103ZS04,,,2.10221079227,,OZYtwRFkc5Z,391699,2.10221077913,0.11552984497,"28° 54' 10,481"" E","1° 11' 21,583"" S"
405,405,433,48,RDC,Nord-Kivu,,873.708595576,Kirotshe,CD6103ZS02,,,1.5118626997,,xS36Jly2x2T,438460,1.5118626995,0.0724782711,"29° 0' 16,656"" E","1° 32' 49,704"" S"
406,406,434,55,RDC,Nord-Kivu,,7479.4980578,Pinga,CD6104ZS03,,,4.94517582881,,Qnxdx1xJkXt,151095,4.9451758347,0.60759595504,"28° 27' 17,412"" E","0° 36' 56,234"" S"
407,407,435,55,RDC,Nord-Kivu,,7455.9512722,Walikale,CD6104ZS04,,,4.94583371997,,xIs8yXFjb9Y,157331,4.94583371718,0.60559682918,"27° 45' 50,234"" E","1° 8' 28,407"" S"
408,408,436,50,RDC,Nord-Kivu,,1638.90050172,Kibirizi,CD6111ZS04,,,2.83913689851,,OKMskHnAdPh,321011,2.83913690691,0.12522271233,"29° 11' 18,670"" E","0° 52' 15,925"" S"
409,409,437,56,RDC,Nord-Kivu,,1043.99819543,Kalunguta,CD6107ZS01,,,2.7605331893,,XoJ3dLz68aj,199559,2.76053319682,0.08480404481,"29° 30' 53,619"" E","0° 26' 6,192"" N"
410,410,438,134,RDC,Nord-Kivu,,1930.55108376,Alimbongo,CD6105ZS01,,,4.25384337368,,GLky3WLKZTi,220510,4.25384337387,0.17246008808,"28° 59' 0,773"" E","0° 15' 22,506"" S"
411,411,439,41,RDC,Nord-Kivu,,408.105578094,Nyiragongo,CD6102ZS01,,,0.74552071674,,WLVe6Xt7Xum,614858,0.74552071625,0.03313691601,"29° 15' 2,268"" E","1° 31' 51,084"" S"
412,412,440,136,RDC,Nord-Kivu,,619.812050454,Katoyi,CD6103ZS01,,,1.43818093525,,Hxf5Q4aK6Ad,21359,1.43818093781,0.05033396448,"28° 46' 42,131"" E","1° 38' 23,057"" S"
413,413,441,48,RDC,Nord-Kivu,,884.53181016,Bambo,CD6111ZS01,,,1.48025870647,,reOlSi4YUvZ,151399,1.48025870459,0.07184519855,"29° 15' 10,044"" E","1° 9' 11,204"" S"
414,414,442,54,RDC,Nord-Kivu,,4975.51925581,Itebero,CD6104ZS01,,,3.79635392174,,bzo7dCPSXS2,178038,3.79635391609,0.40401533088,"28° 7' 2,328"" E","1° 45' 18,684"" S"
415,415,443,0,RDC,Sud-Kivu,OMS,468.335558674,Mwana,CD6212ZS04,,,0.99752127391,,nfYQfVxJRyJ,131866,0.99752127614,0.03799802205,"28° 42' 8,056"" E","2° 54' 46,863"" S"
416,416,444,0,RDC,Sud-Kivu,OMS,204.200879945,Kaziba,CD6207ZS01,,,0.63702410179,,a2dADiJAGrT,119173,0.63702410311,0.01656850846,"28° 49' 24,621"" E","2° 51' 36,697"" S"
417,417,445,0,RDC,Sud-Kivu,OMS,66.0107576926,Nyantende,CD6202ZS05,,,0.36680925413,,R1E0VjRQ4SN,124424,0.36680925541,0.00535717777,"28° 52' 1,518"" E","2° 35' 31,395"" S"
418,418,446,0,RDC,Sud-Kivu,OMS,206.946179525,Nyangezi,CD6207ZS03,,,0.90186635436,,sai4xbqW0CL,146127,0.90186635693,0.01679300639,"28° 54' 16,705"" E","2° 43' 35,386"" S"
419,419,447,0,RDC,Sud-Kivu,OMS,568.744543237,Kabare,CD6202ZS01,,,1.16507085168,,zqUe1DuDMxH,215062,1.16507085048,0.0468694175,"28° 42' 49,215"" E","2° 26' 15,535"" S"
420,420,448,0,RDC,Sud-Kivu,OMS,710.571777452,Mubumbano,CD6207ZS02,,,1.8814738901,,JzBIOZSJfmJ,183159,1.88147389242,0.05765997715,"28° 33' 40,145"" E","2° 45' 12,611"" S"
421,421,449,0,RDC,Sud-Kivu,OMS,518.579133257,Walungu,CD6207ZS04,,,0.90453369649,,x4xQfjclCTo,252759,0.90453369892,0.04208417561,"28° 41' 47,219"" E","2° 38' 2,993"" S"
422,422,450,0,RDC,Sud-Kivu,OMS,1749.31995212,Hauts-Plateaux,CD6208ZS01,,,2.12336173253,,CP7PqKqIADY,138545,2.12336173369,0.14188262837,"28° 55' 36,612"" E","3° 15' 28,130"" S"
423,423,451,0,RDC,Sud-Kivu,OMS,944.529540701,Kaniola,CD6202ZS02,,,1.36555409686,,lXfXl6ZJQWI,165719,1.36555409261,0.07665787416,"28° 24' 31,108"" E","2° 32' 29,368"" S"
424,424,452,0,RDC,Sud-Kivu,OMS,884.689468206,Kalonge,CD6205ZS03,,,1.22923781733,,iPD8STDLALc,157437,1.22923781616,0.07181266345,"28° 29' 5,121"" E","2° 19' 44,576"" S"
425,425,453,0,RDC,Sud-Kivu,OMS,1565.8561713,Bunyakiri,CD6205ZS01,,,2.18892085885,,Th9eFA4VSq6,209555,2.18892085914,0.12712821372,"28° 26' 35,857"" E","2° 2' 17,531"" S"
426,426,454,0,RDC,Sud-Kivu,OMS,414.350277406,Uvira,CD6208ZS04,,,0.94906114458,,mx8PkwuIR5x,315618,0.94906114533,0.04596415396,"29° 7' 23,903"" E","3° 25' 35,008"" S"
427,427,455,0,RDC,Sud-Kivu,OMS,2739.63008234,Kitutu,CD6212ZS03,,,3.28433242231,,n1r14Rh3NvB,145114,3.28433242829,0.22215097615,"28° 4' 9,731"" E","3° 29' 17,142"" S"
428,428,456,0,RDC,Sud-Kivu,OMS,2202.89833527,Kamituga,CD6212ZS02,,,2.67547746084,,rv3KA7DrJCO,189313,2.67547746521,0.17868836759,"28° 9' 34,459"" E","3° 9' 7,035"" S"
429,429,457,0,RDC,Sud-Kivu,OMS,3325.05062187,Itombwe,CD6212ZS01,,,3.63822406965,,ZwpyTsxIyb3,90460,3.6382240815,0.26960317678,"28° 35' 53,857"" E","3° 32' 52,495"" S"
430,430,458,0,RDC,Sud-Kivu,OMS,1402.57498489,Minembwe,CD6210ZS03,,,1.9822573729,,i3NxrFDG9hU,81204,1.98225737023,0.11366161167,"28° 33' 48,688"" E","4° 1' 30,500"" S"
431,431,459,0,RDC,Sud-Kivu,OMS,1241.57913902,Nundu,CD6210ZS04,,,1.91076648148,,pWBu6qPNvdv,192807,1.91076648165,0.1308717695,"29° 0' 16,479"" E","3° 43' 48,795"" S"
432,432,460,0,RDC,Sud-Kivu,OMS,473.98094402,Ruzizi,CD6208ZS03,,,1.18965178729,,jkonpGckbPg,167676,1.18965178475,0.04354016129,"29° 9' 57,682"" E","3° 7' 10,047"" S"
433,433,461,0,RDC,Sud-Kivu,OMS,722.512257861,Lemera,CD6208ZS02,,,1.63855037827,,XFUHGajCqjY,167681,1.63855038164,0.05582675531,"29° 1' 46,890"" E","3° 0' 14,201"" S"
434,434,462,0,RDC,Sud-Kivu,OMS,5238.1191024,Fizi,CD6210ZS01,,,3.440189527,,roraCGWMUQ0,315903,3.4401895314,0.67024332911,"29° 3' 2,056"" E","4° 25' 32,070"" S"
435,435,464,0,RDC,Sud-Kivu,OMS,4635.70959798,Shabunda,CD6203ZS04,,,3.13900876474,Moyen,MOESL4KbKoV,184095,3.13900876199,0.37612702095,"27° 17' 55,787"" E","2° 52' 29,906"" S"
436,436,465,0,RDC,Sud-Kivu,OMS,5232.46635756,Lulingu,CD6203ZS02,,,4.31956227714,Moyen,UkT2MUS83YY,162584,4.31956226898,0.42474313709,"27° 20' 39,862"" E","2° 19' 5,076"" S"
437,437,466,0,RDC,Sud-Kivu,OMS,7892.55736825,Kalole,CD6203ZS01,,,5.01605906619,,euP5fSU9vky,121427,5.0160590587,0.63990296991,"27° 34' 4,313"" E","3° 36' 47,614"" S"
438,438,467,0,RDC,Sud-Kivu,OMS,2369.95963586,Mwenga,CD6212ZS05,,,2.6075084616,,Q3HTytyiRyL,133454,2.60750848835,0.19225385646,"28° 31' 31,458"" E","3° 5' 10,066"" S"
439,439,468,0,RDC,Sud-Kivu,OMS,7089.96055874,Mulungu,CD6203ZS03,,,4.05789071779,Moyen,tJmFpEp4TCb,151768,4.05789071542,0.57539340663,"27° 56' 42,604"" E","2° 35' 16,095"" S"
440,440,469,0,RDC,Sud-Kivu,OMS,25.8804298542,Bagira,CD6201ZS01,,,0.25379259389,Tres haut,aOghManYK5E,127407,0.25379259221,0.00262571045,"28° 49' 33,425"" E","2° 29' 19,228"" S"
441,441,470,0,RDC,Sud-Kivu,OMS,11.5317490452,Kadutu,CD6201ZS03,,,0.23549924127,Tres haut,bfFprcRp0YO,337413,0.23549923836,0.00138341458,"28° 50' 53,315"" E","2° 30' 7,235"" S"
442,442,471,0,RDC,Sud-Kivu,OMS,19.2415250016,Ibanda,CD6201ZS02,,,0.27919792638,Tres haut,jOxDAa0HM4a,413794,0.27919793049,0.00222432936,"28° 52' 3,617"" E","2° 30' 47,707"" S"
443,443,472,0,RDC,Sud-Kivu,OMS,313.837629323,Katana,CD6202ZS03,,,0.94535241818,Moyen,TpB2SUwsDbn,208849,0.94535242132,0.02526255788,"28° 47' 7,299"" E","2° 13' 3,106"" S"
444,444,473,0,RDC,Lualaba,OMS,7853.04199323,Lualaba,CD7202ZS02,,,4.07724289612,,uFV6BUpJi7E,171226,4.07724289681,0.62608217796,"25° 36' 4,018"" E","10° 59' 50,470"" S"
445,445,474,0,RDC,Lualaba,OMS,10905.38833,Kafakumba,CD7206ZS01,,,5.46642577004,,I42uxuyvTXt,124487,5.46642577056,0.87390778024,"23° 47' 47,525"" E","9° 23' 40,129"" S"
446,446,477,0,RDC,Lualaba,OMS,3831.87673397,Kanzenze,CD7203ZS03,,,3.55620730452,,yAdgorGUtcE,98122,3.55620730249,0.30649833505,"25° 26' 22,031"" E","10° 0' 47,689"" S"
447,447,479,0,RDC,Lualaba,OMS,15924.6144089,Kasaji,CD7205ZS02,,,6.58311669427,,kiFDojGFG3x,263245,6.58311669471,1.27187981218,"23° 35' 58,068"" E","10° 30' 9,713"" S"
448,448,480,0,RDC,Lualaba,OMS,9722.31360631,Dilolo,CD7205ZS01,,,5.84028702105,,kwvvScW5Xgj,181522,5.84028702311,0.7761533891,"22° 37' 43,187"" E","10° 36' 34,117"" S"
449,449,481,0,RDC,Lualaba,OMS,19499.0484603,Sandoa,CD7206ZS02,,,6.8577503303,,yIYFKwCgYVZ,217323,6.85775032439,1.56220610008,"22° 35' 49,686"" E","9° 28' 23,131"" S"
450,450,482,0,RDC,Lualaba,OMS,12292.6649612,Kalamba,CD7207ZS01,,,5.55529067234,,Ux1WH67fWJJ,94916,5.55529067226,0.98739215962,"23° 15' 26,280"" E","8° 29' 12,436"" S"
451,451,483,0,RDC,Lualaba,OMS,10263.2281901,Lubudi,CD7203ZS04,,,4.58737047825,,goYHUDWT3jn,80073,4.58737047424,0.63268251018,"26° 6' 24,806"" E","10° 4' 43,746"" S"
452,452,484,0,RDC,Lualaba,OMS,4620.37013987,Bunkeya,CD7203ZS01,,,2.72214942164,,cw1CZyDiPyA,53862,2.72214942093,0.28179353171,"26° 49' 20,945"" E","10° 16' 29,040"" S"
453,453,485,0,RDC,Lualaba,OMS,3617.79036982,Fungurume,CD7203ZS02,,,3.10398115642,,eWGgthNBOZ8,284444,3.10398115706,0.29286875004,"26° 16' 22,222"" E","10° 42' 57,984"" S"
454,454,486,0,RDC,Haut-Katanga,OMS,2552.35552077,Kambove,CD7105ZS01,,,3.63852923523,,NR5cDy2jhiJ,123220,3.6385292383,0.33083633575,"26° 47' 38,291"" E","10° 46' 24,093"" S"
455,455,500,0,RDC,Haut-Katanga,OMS,498.251967636,Lubumbashi,CD7101ZS07,,,1.34261589428,,H8vCqAKUlyX,157645,1.34261589617,0.03962628471,"27° 30' 3,154"" E","11° 42' 4,517"" S"
456,456,501,0,RDC,Haut-Katanga,OMS,149.621359332,Kisanga,CD7101ZS05,,,0.53447595115,,QA2FRWLQqWE,234352,0.53447595211,0.01189000507,"27° 33' 8,422"" E","11° 55' 0,594"" S"
457,457,502,0,RDC,Haut-Katanga,OMS,216.056265874,Katuba,CD7101ZS03,,,0.51781852725,,nhdQUgOeBQU,249154,0.517818525,0.01717044272,"27° 39' 21,498"" E","11° 54' 1,325"" S"
458,458,503,0,RDC,Haut-Katanga,OMS,192.602651746,Mumbunda,CD7101ZS08,,,0.56862270346,,QteKQ66ixqO,264460,0.56862270362,0.01531117756,"27° 32' 2,910"" E","11° 49' 9,154"" S"
459,459,504,0,RDC,Haut-Katanga,OMS,2195.49754609,Kipushi,CD7102ZS02,,,2.89303327577,,ZMH0kkBQFs9,202901,2.89303327594,0.17459106895,"27° 26' 48,378"" E","11° 44' 55,093"" S"
460,460,505,0,RDC,Haut-Katanga,OMS,21789.2137543,Sakania,CD7104ZS01,,,8.63832347,,CSwaGvyMS6Z,236593,8.63832346968,1.72702806196,"28° 56' 25,010"" E","12° 34' 51,359"" S"
461,461,506,0,RDC,Haut-Katanga,OMS,4603.8097746,Kafubu,CD7102ZS01,,,5.15063504045,,GpdRlogsSiE,96145,5.15063504314,0.36648101413,"28° 5' 9,518"" E","11° 26' 33,178"" S"
462,462,507,0,RDC,Haut-Katanga,OMS,4157.35480609,Kilela Balanda,CD7105ZS03,,,3.94674516923,,Kth7MQGYcrE,69634,3.94674517158,0.35030884242,"26° 39' 4,416"" E","11° 35' 54,504"" S"
463,463,508,0,RDC,Haut-Katanga,OMS,7458.99428665,Manika,CD7105ZS04,,,3.97537242515,,xMdqjEKgZLw,465774,3.97537242215,0.60214211299,"26° 4' 17,564"" E","11° 29' 10,724"" S"
464,464,509,0,RDC,Haut-Katanga,OMS,0.10152434908,Vangu,CD7101ZS11,,,0.01282170414,,uIuYpiQm6m8,138140,0.01282170438,0.00000807379,"27° 30' 59,330"" E","11° 39' 16,103"" S"
465,465,510,0,RDC,Haut-Katanga,OMS,0.37525809269,Kowe,CD7101ZS06,,,0.0216829054,,sAsXOxkBdrE,35959,0.02168290632,0.00002984595,"27° 29' 37,500"" E","11° 40' 27,538"" S"
466,466,511,0,RDC,Haut-Katanga,OMS,14180.312944,Mitwaba,CD7108ZS01,,,6.40742423696,,rYWmyhhl1LP,117254,6.40742423455,1.13814028917,"27° 17' 45,864"" E","8° 50' 13,769"" S"
467,467,513,0,RDC,Kinshasa,OMS,8617.5851574,Gombe,CD1000ZS07,,,0.23167367582,,L3vMLScAbZ6,96973,0.23167367593,0.00102839972,"15° 17' 52,785"" E","4° 18' 39,294"" S"
468,468,514,0,RDC,Sud-Kivu,OMS,552.774032056,Minova,CD6205ZS04,,,1.77323934782,,oNybyvjU5ZT,244285,1.7732393497,0.04678931011,"28° 55' 51,226"" E","1° 47' 53,431"" S"
469,469,515,0,RDC,Sud-Kivu,OMS,1185.94757352,Kalehe,CD6205ZS02,,,1.90096927084,,OWrtstWKEly,166022,1.9009692641,0.09587608,"28° 44' 39,576"" E","2° 3' 8,213"" S"
470,470,516,0,RDC,Sud-Kivu,OMS,238.967521265,Miti-Murhesa,CD6202ZS04,,,1.33453630134,Moyen,cXkCT53xxfk,239135,1.33453630096,0.02126208501,"28° 51' 41,820"" E","2° 20' 15,093"" S"
471,471,517,0,RDC,Sud-Kivu,OMS,280.693186624,Idjwi,CD6206ZS01,,,4.14910784539,,Bxi65HPz420,261217,4.14910784368,0.13956405307,"29° 3' 23,555"" E","2° 0' 41,902"" S"
472,472,518,0,RDC,Haut-Uele,Div_snis,2576.77906078,Aba,CD5307ZS01,,,2.35303640106,,NC2xavZLq2a,127473,2.35303640707,0.20890690337,"30° 18' 22,242"" E","3° 39' 40,258"" N"
473,473,152,0,RDC,Kinshasa,Div_snis,33.5689142386,Masina II,CD1000ZS26,,,0.27046516287,,hL8oJfWHx3g,300224,0.27046516069,0.00272177771,"15° 23' 19,957"" E","4° 21' 36,869"" S"
474,474,0,0,RDC,Lualaba,OMS,13158.1582683,Kapanga,CD7207ZS02,,,5.24168674814,,qdhfi48INZJ,149990,5.24168674651,1.0574969545,"22° 21' 57,087"" E","8° 20' 37,458"" S"
475,475,0,0,RDC,Lualaba,OMS,3761.16160629,Dilala,CD7202ZS01,,,3.23386157525,,mSQE0BqfXOy,295769,3.23386156876,0.30030058689,"25° 14' 4,648"" E","10° 34' 31,222"" S"
476,476,476,0,RDC,Lualaba,OMS,13335.5916224,Mutshatsha,CD7202ZS03,,,7.11162898727,,S0Ne5rWQhxw,75425,7.11162898856,1.06431353504,"24° 41' 26,783"" E","10° 41' 25,848"" S"
477,477,512,0,RDC,Haut-Katanga,OMS,1210.62310715,Kikula,CD7107ZS02,,,2.57993695179,,Q22qlkhPQDO,234550,2.57993695322,0.24513602713,"27° 17' 7,768"" E","10° 30' 53,329"" S"
478,478,463,0,RDC,Sud-Kivu,OMS,3817.28800244,Kimbi Lulenge,CD6210ZS02,,,4.52175495545,,lF2aCHDydzn,184497,4.52175495455,0.30924510565,"28° 23' 33,072"" E","4° 16' 42,062"" S"
479,479,402,0,RDC,Maniema,OMS,10757.150586,Ferekeni,CD6303ZS01,,,3.65243030648,,YuGk2dXTvKj,71818,3.65243031287,0.33801928429,"26° 10' 29,209"" E","1° 45' 37,534"" S"
480,480,230,0,RDC,Nord-Ubangi,OMS,1810.03158166,Wapinda,CD4304ZS02,,,2.54176516856,,CSvyaLZJiEt,79216,2.54176516115,0.14673628473,"23° 0' 56,635"" E","3° 42' 58,455"" N"
481,481,495,0,RDC,Haut-Katanga,OMS,1344.76366914,Likasi,CD7106ZS01,,,0.70465527649,,fQLRnttyYlx,142306,0.70465527782,0.02228608199,"26° 44' 21,075"" E","10° 58' 32,259"" S"
482,482,497,0,RDC,Haut-Katanga,OMS,14404.2571535,Kasenga,CD7107ZS01,,,3.72427990956,,Vue5tcMpaGh,151569,3.72427990562,0.54579994309,"28° 17' 1,860"" E","10° 42' 41,706"" S"
483,483,107,0,RDC,Maï-Ndombe,OMS,3446.76629694,Ntandembelo,CD3302ZS03,,,2.95625734742,Tres haut,Kts0Ppbd4En,84205,2.95625735057,0.27984477238,"17° 5' 3,199"" E","1° 59' 28,196"" S"
484,484,378,0,RDC,Maï-Ndombe,OMS,1214.99005949,Yumbi,CD3310ZS01,,,1.45658722031,Tres haut,VOwZTRAt0Ak,118318,1.45658721996,0.09863893604,"16° 31' 12,110"" E","2° 6' 20,125"" S"
485,485,12,0,RDC,Sankuru,OMS,14700.2892454,Tshudi Loto,CD8307ZS02,,,6.11755460855,,hdi8WfQrxeD,80036,6.11755461065,1.19314012666,"22° 36' 27,470"" E","2° 26' 58,876"" S"
486,486,104,0,RDC,Maï-Ndombe,OMS,8320.91848133,Kiri,CD3303ZS01,,,5.79020390644,Tres haut,dQ9r634pZZF,110980,5.79020390619,0.67563820058,"19° 16' 38,204"" E","1° 50' 35,111"" S"
487,487,179,0,RDC,Tshuapa,OMS,4175.65574153,Bosanga,CD4506ZS02,,,3.33808809262,,PpY62UBIBEf,222117,3.33808808928,0.33918403165,"21° 59' 42,787"" E","0° 57' 11,675"" S"
488,488,272,0,RDC,Tshuapa,OMS,8031.57389227,Yalifafo,CD4506ZS03,,,4.14793347376,,pVmIEdIFeUJ,164768,4.14793347487,0.65229827554,"22° 25' 59,074"" E","1° 21' 35,578"" S"
489,489,321,0,RDC,Kasaï,Div_snis,25734.1467307,Dekese,CD9208ZS01,,,6.6822742084,Moyen,Z3lr3MOHNLH,148298,6.68227420599,2.08711605541,"21° 22' 23,305"" E","3° 17' 17,650"" S"
490,490,383,0,RDC,Maï-Ndombe,OMS,19496.8544599,Mimia,CD3304ZS02,,,5.5109212487,Tres haut,IIMpZbLeAvx,55138,5.51092124561,1.58228539801,"20° 9' 39,695"" E","2° 34' 59,837"" S"
491,491,187,0,RDC,Equateur,OMS,7042.15185238,Makanza,CD4105ZS01,,,5.1441126797,,nXXpnAQ8M3v,120815,5.14411268208,0.57192893834,"18° 55' 57,087"" E","1° 24' 5,347"" N"
492,492,258,0,RDC,Equateur,OMS,10790.8775119,Bomongo,CD4104ZS01,,,5.3392134875,,dseqqnd0Nuw,108521,5.33921348673,0.87632715715,"18° 26' 58,119"" E","1° 31' 34,314"" N"
493,493,169,0,RDC,Equateur,OMS,5218.20390811,Lolanga Mampoko,CD4108ZS02,,,3.80218826921,,pBzecjfopeA,91049,3.80218826747,0.41298427015,"18° 49' 32,331"" E","0° 53' 14,413"" N"
494,494,105,0,RDC,Maï-Ndombe,OMS,4292.540376,Penjwa,CD3303ZS02,,,3.20641113441,Tres haut,NyvJf4zd0Sj,75343,3.20641113254,0.36722809412,"19° 4' 55,278"" E","1° 10' 12,389"" S"
495,495,180,0,RDC,Tshuapa,OMS,8101.79660329,Bokungu,CD4506ZS01,,,4.7488683252,,rhVkq8RX6BV,189897,4.74886832884,0.63386184028,"22° 5' 15,290"" E","0° 18' 16,280"" S"
496,496,178,0,RDC,Tshuapa,OMS,7962.91438025,Wema,CD4502ZS02,,,4.19382259359,,qa0zXM6tGPJ,9008,4.19382258813,0.64685591153,"21° 20' 55,862"" E","0° 44' 5,514"" S"
497,497,394,0,RDC,Tshuapa,OMS,12790.1436923,Befale,CD4503ZS01,,,5.02670691609,,gBHYNsh9EjA,167491,5.02670691934,1.04618433526,"20° 53' 13,973"" E","0° 34' 4,311"" N"
498,498,35963,0,RDC,Equateur,OMS,0,Lotumbe,CD4109ZS02,,,5.19263968993,,CeO42blQ92C,106294,5.19263968899,0.87588335721,"19° 38' 45,311"" E","0° 42' 21,085"" S"
499,499,273,0,RDC,Tshuapa,OMS,35820.6088834,Monkoto,CD4507ZS01,,,10.2011524044,,VnNdiJcF3rF,127251,10.2011523919,2.89982197695,"20° 55' 53,208"" E","1° 38' 41,908"" S"
500,500,50,0,RDC,Equateur,OMS,5152.76292067,Djombo,CD4107ZS02,,,2.85343424448,,gcWEhRl00iJ,113789,2.85343424758,0.41847871861,"20° 17' 16,741"" E","1° 26' 36,622"" N"
501,501,51,0,RDC,Mongala,OMS,11026.5331978,Bongandanga,CD4405ZS01,,,4.60344440252,,DvgAtRmciu7,140374,4.60344440275,0.8955789421,"21° 22' 18,438"" E","1° 15' 48,100"" N"
502,502,233,0,RDC,Tshuapa,OMS,8228.79474017,Lingomo,CD4504ZS02,,,5.38497610199,,hM2ZsK1vEox,127708,5.38497609359,0.66836575278,"22° 9' 41,632"" E","1° 9' 9,594"" N"
503,503,52,0,RDC,Equateur,OMS,11515.0965847,Basankusu,CD4107ZS01,,,4.58181919385,,rxk1YvYKi7j,254057,4.58181919222,0.9353585853,"19° 52' 20,598"" E","0° 55' 40,546"" N"
504,504,35741,0,RDC,Tshuapa,OMS,0,Boende,CD4502ZS01,,,5.75198232553,,Uyz1XxXNBKB,256795,5.75198231884,0.83816786197,"20° 47' 3,418"" E","0° 19' 32,662"" S"
505,505,181,0,RDC,Tshuapa,OMS,5031.53313202,Mompono,CD4503ZS02,,,2.88740808766,,Oiv2yYIjRrm,134619,2.88740809029,0.41039688752,"21° 49' 44,869"" E","0° 19' 18,875"" N"
506,506,174,0,RDC,Equateur,OMS,5930.5495227,Monieka,CD4108ZS03,,,3.86695656108,,FXSygz18Lfk,80241,3.86695655763,0.58034365609,"20° 0' 46,999"" E","0° 3' 10,624"" N"
507,507,108,0,RDC,Maï-Ndombe,OMS,5785.31367373,Banjow Moke,CD3302ZS01,,,3.55903704715,Tres haut,Vf0Hzcf5ux3,116060,3.55903704697,0.46974751227,"17° 47' 44,607"" E","1° 52' 2,483"" S"
508,508,106,0,RDC,Maï-Ndombe,OMS,14785.1505549,Inongo,CD3302ZS02,,,7.03095697984,Tres haut,PIT5UiywHIa,173164,7.03095697583,1.20043734309,"18° 33' 1,529"" E","1° 55' 39,122"" S"
509,509,36159,0,RDC,Equateur,,0,Wangata,CD4101ZS03,UCLA,20-05-2018,0.30826341807,Tres haut,J0LvPM9HPVN,147367,0.30826341917,0.00522290552,"18° 13' 50,402"" E","0° 3' 14,752"" N"
510,510,35749,0,RDC,Equateur,,0,Bolenge,CD4101ZS01,UCLA,20-05-2018,1.64590382946,Tres haut,MMnBp2lllhf,84416,1.64590383028,0.08729937458,"18° 3' 32,021"" E","0° 11' 44,028"" S"
511,511,176,0,RDC,Equateur,OMS,12498.5272658,Bolomba,CD4108ZS01,,,4.75504573078,,lW6uPgrLYfi,272361,4.75504572793,1.05503257481,"19° 5' 12,349"" E","0° 18' 16,415"" N"
512,512,35818,0,RDC,Equateur,OMS,0,Ingende,CD4109ZS01,,,2.59951937415,Tres haut,ER2ozdS2Ysm,149804,2.5995193828,0.34165717111,"18° 49' 1,288"" E","0° 29' 24,815"" S"
513,513,171,0,RDC,Equateur,OMS,3031.26397964,Iboko,CD4102ZS02,,,2.58344392004,,QltsFPvfG7J,101633,2.58344392099,0.23499903531,"18° 32' 45,332"" E","0° 58' 53,148"" S"
514,514,254,0,RDC,Equateur,OMS,1057.02399075,Irebu,CD4103ZS01,,,1.51892940376,,p40o8g3kdQL,35783,1.51892940671,0.09382449604,"17° 39' 28,400"" E","0° 47' 23,303"" S"
515,515,36015,0,RDC,Equateur,,0,Mbandaka,CD4101ZS02,UCLA,20-05-2018,1.73754859693,Tres haut,DmRUZqBRNzB,142928,1.73754859979,0.09265596262,"18° 23' 29,593"" E","0° 13' 11,161"" N"
516,516,256,0,RDC,Equateur,OMS,7486.62554536,Lukolela,CD4103ZS02,,,4.11097554192,,hH0vfyk0M5B,141113,4.1109755434,0.60801858841,"17° 6' 9,174"" E","1° 26' 48,013"" S"
517,517,35730,0,RDC,Equateur,OMS,0,Bikoro,CD4102ZS01,UCLA,20-05-2018,2.84526558545,Tres haut,NMRFBOfk41A,151499,2.84526559379,0.38119310344,"18° 13' 53,478"" E","0° 27' 56,872"" S"
518,518,170,0,RDC,Equateur,OMS,3566.78458569,Ntondo,CD4102ZS03,,,2.89643362713,,Tt7ZtAGLNOp,64735,2.89643362996,0.3417302786,"17° 54' 52,957"" E","1° 4' 30,666"" S"
519,519,259,0,RDC,Equateur,OMS,5851.35508347,Lilanga Bobangi,CD4104ZS02,,,4.44567239988,,N1S6mK9QTE5,81435,4.4456723976,0.41129246695,"18° 0' 14,921"" E","0° 13' 1,056"" N"